line_id,s_len,q_len,a_len,p(Contr)_ivankud-deberta-v2-xlarge-mnli,p(Entl)_ivankud-deberta-v2-xlarge-mnli,p(Contr)_ivankud-deberta-v3-large-tasksource-nli,p(Entl)_ivankud-deberta-v3-large-tasksource-nli,p(Contr)_ivankud-DeBERTa-v3-large-mnli-fever-anli-ling-wanli,p(Entl)_ivankud-DeBERTa-v3-large-mnli-fever-anli-ling-wanli
0,254,70,13,0.99725252,0.00242464,0.99523050,0.00333041,0.99955398,0.00019118
1,293,48,18,0.05619078,0.94218355,0.01538048,0.98381847,0.00441572,0.99519664
2,119,31,8,0.99826485,0.00161573,0.99875879,0.00061306,0.99978441,0.00011143
3,392,23,5,0.99802470,0.00182566,0.99897671,0.00058963,0.99966824,0.00028944
4,384,14,162,0.99822515,0.00159921,0.99835038,0.00111274,0.99964893,0.00031050
5,330,48,16,0.04552499,0.95295292,0.00888594,0.99041581,0.00865931,0.99103546
6,308,57,5,0.04126575,0.95736784,0.02684702,0.97156817,0.01477503,0.98477453
7,642,33,11,0.99880838,0.00102606,0.99810553,0.00112246,0.99965727,0.00028257
8,1011,34,37,0.99795473,0.00139748,0.98531568,0.00924489,0.99967241,0.00017690
9,1320,40,67,0.99609333,0.00348230,0.99582905,0.00238900,0.99918407,0.00065631
10,1854,59,19,0.04782724,0.94936115,0.02819215,0.97035205,0.00309775,0.99659389
11,138,47,11,0.61031860,0.37392229,0.04286527,0.95057851,0.01223567,0.98606503
12,391,38,12,0.02659408,0.97180951,0.01639727,0.98255873,0.02974067,0.96982962
13,1053,63,53,0.99704355,0.00242453,0.99634093,0.00160335,0.99972790,0.00021277
14,320,26,60,0.99852788,0.00103993,0.99755365,0.00155234,0.99970859,0.00015499
15,88,56,6,0.01836384,0.97956926,0.00630436,0.99246228,0.00385340,0.99583191
16,209,25,13,0.02145735,0.97716272,0.11591982,0.88168985,0.00336108,0.99632263
17,647,42,20,0.07575858,0.92055154,0.02152805,0.97607988,0.01170474,0.98708344
18,177,55,1,0.00896749,0.98959816,0.00867134,0.98880953,0.00351984,0.99608862
19,245,40,5,0.26717654,0.72945184,0.01682021,0.98111707,0.03598727,0.96360803
20,219,64,7,0.04545291,0.95255238,0.00846898,0.98987120,0.01284239,0.98650092
21,400,26,12,0.02243921,0.97582406,0.01273636,0.98620683,0.00259528,0.99713612
22,257,31,8,0.01664046,0.98238891,0.00723989,0.99180907,0.01189644,0.98756218
23,1533,43,4,0.03064541,0.96633834,0.04690779,0.95002246,0.01539075,0.98422801
24,377,36,38,0.99853182,0.00126120,0.98973107,0.00746268,0.99973470,0.00019061
25,636,74,18,0.08498840,0.91359526,0.01132057,0.98789972,0.05669273,0.94259983
26,1798,51,5,0.91269857,0.08666436,0.99215925,0.00579622,0.99897110,0.00077575
27,201,44,4,0.06615277,0.93062651,0.66791999,0.32745701,0.02125179,0.97802007
28,1332,41,65,0.99841070,0.00116023,0.99623007,0.00236634,0.99971956,0.00022980
29,283,34,7,0.02739992,0.97151482,0.00726266,0.99161106,0.00319758,0.99652714
30,498,39,40,0.99792409,0.00190562,0.99763751,0.00145789,0.99973243,0.00022239
31,250,46,4,0.04486442,0.95197839,0.02931531,0.96879524,0.00261507,0.99708527
32,518,57,82,0.99868816,0.00098395,0.98923445,0.00684218,0.99967086,0.00022540
33,380,60,78,0.99666816,0.00269479,0.98916399,0.00703930,0.99977559,0.00015453
34,233,60,26,0.99860126,0.00119749,0.99863029,0.00055183,0.99979287,0.00015498
35,165,56,11,0.01268556,0.98537397,0.01710462,0.98115671,0.02710487,0.97227657
36,608,52,100,0.99796271,0.00154663,0.99029714,0.00509410,0.99969232,0.00016630
37,301,70,13,0.06241891,0.93492657,0.00659692,0.99269968,0.00408270,0.99555701
38,371,51,54,0.99899906,0.00080862,0.99581772,0.00294199,0.99979979,0.00015763
39,335,35,65,0.99877912,0.00085548,0.99579030,0.00292309,0.99980682,0.00012607
40,125,48,91,0.99920940,0.00068832,0.99762172,0.00150843,0.99975640,0.00014810
41,484,30,54,0.99886525,0.00093178,0.99601918,0.00281441,0.99963117,0.00018990
42,388,50,18,0.99926621,0.00055643,0.99429518,0.00449349,0.99976295,0.00017422
43,137,17,4,0.01392422,0.98360425,0.01117558,0.98721761,0.00384824,0.99584985
44,154,71,11,0.02331620,0.97409713,0.00718774,0.99190521,0.01245523,0.98662728
45,166,23,16,0.99839169,0.00152128,0.99821895,0.00105113,0.99978572,0.00014789
46,425,42,52,0.99783498,0.00186071,0.99689651,0.00219872,0.99974257,0.00017533
47,2048,77,76,0.99847239,0.00100390,0.98373854,0.01011082,0.99971861,0.00017101
48,223,42,4,0.55808061,0.43512982,0.99922085,0.00057620,0.99971420,0.00021330
49,881,50,7,0.02458242,0.97438836,0.04062790,0.95629442,0.14041524,0.85900730
50,2048,31,4,0.00791732,0.99124461,0.02130714,0.97675806,0.00550214,0.99414390
51,217,52,6,0.05579557,0.94300073,0.03459749,0.96324867,0.00510970,0.99438620
52,408,83,1,0.05017720,0.94765824,0.10617620,0.88816667,0.01243817,0.98709947
53,1403,15,25,0.98540664,0.01410387,0.99748331,0.00130697,0.99959010,0.00035749
54,176,30,10,0.79803020,0.20019282,0.99180740,0.00687532,0.99906665,0.00084273
55,308,28,11,0.04828726,0.94982970,0.01262371,0.98521614,0.00258036,0.99700218
56,429,44,7,0.01925884,0.97960860,0.06285371,0.93394667,0.00554647,0.99415332
57,475,31,6,0.02158054,0.97692174,0.04276687,0.95471913,0.00418469,0.99555886
58,339,39,34,0.01732692,0.98116070,0.02759465,0.97137433,0.00399772,0.99569380
59,374,36,27,0.03590535,0.96287251,0.00991093,0.98929751,0.00396042,0.99581099
60,204,65,4,0.99245375,0.00697956,0.99080652,0.00658629,0.99752766,0.00190109
61,173,35,4,0.01083813,0.98727345,0.01155065,0.98709387,0.01613340,0.98326576
62,170,45,4,0.01960478,0.97771978,0.05198861,0.94500273,0.23835212,0.75981945
63,494,62,73,0.99615818,0.00348990,0.98867422,0.00706445,0.99955195,0.00036077
64,398,58,8,0.01224468,0.98660642,0.00784328,0.99048913,0.00327836,0.99637622
65,282,31,5,0.99228138,0.00722947,0.99016774,0.00943272,0.99969888,0.00025098
66,824,53,16,0.05056165,0.94758266,0.00810392,0.99019301,0.00437792,0.99539113
67,383,50,4,0.75420046,0.24367671,0.09460497,0.90112066,0.16078073,0.83849680
68,1167,32,13,0.04896801,0.94011229,0.00757691,0.99138874,0.00537039,0.99440962
69,130,62,16,0.07179435,0.92091328,0.06977665,0.92600298,0.00558836,0.99241686
70,1302,30,11,0.99699140,0.00282758,0.99569100,0.00249508,0.99969876,0.00017888
71,418,42,14,0.99598098,0.00374049,0.99331760,0.00442153,0.99969661,0.00024298
72,244,29,4,0.94987077,0.04906314,0.97401106,0.02400982,0.99937916,0.00041863
73,420,41,6,0.00936125,0.98871768,0.00823194,0.98973060,0.00349989,0.99615330
74,1263,52,13,0.01933131,0.97999781,0.00754398,0.99122018,0.00511118,0.99460274
75,938,34,13,0.03757549,0.96072578,0.01418256,0.98420334,0.00648457,0.99287802
76,154,33,9,0.99805933,0.00184023,0.99594998,0.00329664,0.99973315,0.00020709
77,429,85,47,0.01658298,0.98259246,0.02439863,0.97422373,0.00302375,0.99667740
78,424,46,4,0.98594612,0.01332525,0.99938166,0.00038964,0.99962997,0.00031829
79,289,69,12,0.03822926,0.96088457,0.01481603,0.98402047,0.00771844,0.99183440
80,407,50,5,0.01050593,0.98825151,0.00230799,0.99676883,0.00473303,0.99488187
81,350,11,15,0.01220218,0.98714060,0.03331161,0.96528274,0.00881268,0.99055922
82,520,40,10,0.99914205,0.00060772,0.99792671,0.00117792,0.99971491,0.00023707
83,216,42,58,0.99362200,0.00615337,0.99743134,0.00179016,0.99965382,0.00026315
84,110,29,8,0.00890954,0.99035186,0.00528135,0.99365121,0.00445234,0.99507093
85,719,66,21,0.02917643,0.96983767,0.02093959,0.97764528,0.00315114,0.99656385
86,137,62,9,0.05712968,0.94078004,0.00651646,0.99171162,0.00258823,0.99713802
87,616,71,10,0.88545847,0.11305710,0.01591832,0.98255080,0.01284772,0.98671073
88,329,55,6,0.50027180,0.49875310,0.99398357,0.00448563,0.80525929,0.19397289
89,144,26,6,0.97736645,0.02167617,0.99806410,0.00156061,0.99973577,0.00015842
90,414,52,12,0.99788183,0.00193921,0.99882728,0.00043820,0.99971777,0.00022618
91,754,58,10,0.99089187,0.00881285,0.98924422,0.00757276,0.99958950,0.00029615
92,1407,60,10,0.25205809,0.74205273,0.01935969,0.97852910,0.00928382,0.99031067
93,926,51,11,0.98633844,0.01288849,0.99505937,0.00288340,0.99971491,0.00019784
94,84,30,11,0.07361958,0.92067158,0.00945915,0.98959911,0.00346298,0.99623400
95,784,50,26,0.86216807,0.13655627,0.98376298,0.01210210,0.97327405,0.02552708
96,2048,46,51,0.99811578,0.00166428,0.99249774,0.00505978,0.99945563,0.00041889
97,379,73,13,0.01461125,0.98408115,0.01330017,0.98521870,0.00323782,0.99641979
98,63,57,12,0.01700868,0.98174405,0.01548534,0.98374939,0.00549275,0.99381483
99,188,32,15,0.00877983,0.98946583,0.00839155,0.99099296,0.00503297,0.99438053
100,596,40,42,0.99840373,0.00136066,0.99637467,0.00193460,0.99978083,0.00017385
101,734,39,38,0.03656559,0.96142322,0.02172684,0.97708100,0.00736544,0.99222732
102,841,31,4,0.03204906,0.96630991,0.03398096,0.96437109,0.00486081,0.99483228
103,203,57,9,0.06716832,0.92994142,0.00475690,0.99432462,0.00539863,0.99418539
104,2048,57,22,0.01814676,0.98063582,0.08391443,0.91229963,0.00672956,0.99282843
105,365,34,9,0.99840528,0.00147008,0.99883562,0.00075470,0.99975377,0.00019833
106,595,37,11,0.31415582,0.68416971,0.02573561,0.97240925,0.00696001,0.99269897
107,475,46,19,0.99767739,0.00223324,0.99101198,0.00719756,0.99904531,0.00083824
108,174,40,11,0.00470971,0.99477661,0.00402883,0.99485600,0.00396078,0.99557447
109,196,47,11,0.00633922,0.99180740,0.00474504,0.99413657,0.00391989,0.99565303
110,900,73,10,0.28665501,0.71104032,0.03092575,0.96729124,0.01288228,0.98671174
111,316,156,22,0.01321817,0.98584992,0.01321229,0.98581308,0.00910423,0.99030417
112,334,34,11,0.01588351,0.98297507,0.03534420,0.96310633,0.00572988,0.99367464
113,316,44,18,0.00631882,0.99311262,0.00295621,0.99613923,0.00408037,0.99538016
114,456,49,4,0.29483879,0.70120960,0.99620593,0.00272065,0.87366772,0.12575457
115,1306,50,67,0.99838102,0.00144094,0.99631763,0.00234249,0.99953330,0.00036208
116,151,26,7,0.02969864,0.96637261,0.87927932,0.11746515,0.99934024,0.00059315
117,1023,54,9,0.99777031,0.00186948,0.99315828,0.00423516,0.99955994,0.00034994
118,802,65,65,0.99739361,0.00212325,0.98926347,0.00760081,0.99954551,0.00032766
119,60,35,11,0.02738784,0.96999252,0.00769611,0.99087614,0.00394820,0.99558312
120,2048,37,10,0.96821117,0.03140393,0.98185557,0.01486645,0.94204319,0.05751245
121,557,45,13,0.00879478,0.98972195,0.00630421,0.99257082,0.00567442,0.99379939
122,1358,74,277,0.90076709,0.09638929,0.98428416,0.01293546,0.99796629,0.00175582
123,896,40,17,0.99721462,0.00258829,0.99552023,0.00278256,0.99969733,0.00026613
124,675,66,21,0.02183435,0.97625512,0.02210368,0.97674209,0.00730878,0.99226499
125,533,36,9,0.99506265,0.00471103,0.99847025,0.00112851,0.99960333,0.00036605
126,275,29,30,0.99551755,0.00433242,0.99821234,0.00138852,0.99961394,0.00033277
127,198,43,6,0.92458141,0.07277422,0.94721049,0.04530746,0.99937952,0.00043444
128,659,45,3,0.07991453,0.91786253,0.01801512,0.97979361,0.10775741,0.89111269
129,158,39,15,0.99597543,0.00383024,0.99906212,0.00035271,0.99965549,0.00027586
130,368,51,45,0.99662244,0.00316836,0.99870682,0.00071368,0.99960703,0.00034748
131,1686,83,15,0.97787619,0.02161385,0.99293303,0.00451691,0.99955696,0.00037704
132,316,36,18,0.01479129,0.98443812,0.00541141,0.99382061,0.00335809,0.99638003
133,252,29,16,0.01094404,0.98739773,0.00362941,0.99575597,0.00380403,0.99588746
134,728,43,16,0.03269287,0.96603119,0.12368722,0.87382507,0.09000044,0.90922666
135,673,68,6,0.01002398,0.98875296,0.00749927,0.99121910,0.00502919,0.99465239
136,363,57,9,0.99158353,0.00809566,0.97772855,0.02094206,0.99944741,0.00047251
137,344,45,11,0.04657518,0.95084506,0.00503302,0.99373275,0.00431023,0.99517953
138,210,36,42,0.56715083,0.43121424,0.99327010,0.00538612,0.99884027,0.00089000
139,609,49,3,0.00514811,0.99358702,0.00488423,0.99411833,0.00524319,0.99446976
140,330,32,8,0.04333231,0.95514762,0.00440057,0.99487102,0.00840221,0.99084818
141,1176,41,29,0.02114988,0.97772717,0.01408567,0.98395950,0.00427413,0.99534118
142,625,31,77,0.99177247,0.00756678,0.98624438,0.01020987,0.99924964,0.00060210
143,540,45,44,0.99832100,0.00146059,0.99818110,0.00116598,0.99964333,0.00029575
144,348,44,12,0.99765164,0.00215188,0.99932957,0.00041038,0.99964941,0.00030881
145,418,43,20,0.03556485,0.96290559,0.03493471,0.96351486,0.00826206,0.99119449
146,408,64,11,0.01101682,0.98719949,0.02838351,0.96733844,0.02137309,0.97759569
147,242,64,12,0.99813372,0.00161829,0.99834895,0.00126153,0.99963439,0.00029876
148,459,33,83,0.99661595,0.00294670,0.99662220,0.00228541,0.99958521,0.00033109
149,382,33,7,0.01305776,0.98517901,0.00984889,0.98876637,0.00853756,0.99067265
150,452,35,11,0.01529502,0.98331314,0.00535341,0.99323601,0.00358251,0.99608314
151,1232,42,11,0.03087480,0.96759486,0.03288331,0.96576416,0.00869992,0.99080360
152,816,20,10,0.98954189,0.01007825,0.99357694,0.00514432,0.99887949,0.00095369
153,58,46,15,0.98556441,0.01389591,0.99167585,0.00691840,0.79180986,0.17861916
154,554,48,22,0.99864644,0.00121657,0.99843115,0.00108798,0.99972183,0.00022592
155,138,42,7,0.00523352,0.99393219,0.00550465,0.99270868,0.00491791,0.99454558
156,573,63,9,0.02348005,0.97394186,0.01136900,0.98748660,0.00546063,0.99416322
157,452,23,14,0.02093823,0.97761554,0.06388003,0.93324625,0.00662134,0.99313146
158,159,50,12,0.04625748,0.94637227,0.06244241,0.93330312,0.00541472,0.99388415
159,296,34,6,0.01937868,0.97918689,0.02195715,0.97671825,0.03425629,0.96506804
160,1624,52,4,0.12451175,0.87141687,0.04575922,0.95071024,0.06582487,0.93308288
161,257,53,6,0.99291962,0.00665139,0.98532110,0.01266886,0.99578899,0.00366218
162,426,22,9,0.00757298,0.99106300,0.00339142,0.99550939,0.00332826,0.99639171
163,1918,23,95,0.99380094,0.00586765,0.98243606,0.01412173,0.99897838,0.00085122
164,1119,78,11,0.02002946,0.97790891,0.01242598,0.98608506,0.01326591,0.98632497
165,532,28,6,0.01048547,0.98843294,0.00673637,0.99183840,0.00501178,0.99442333
166,846,24,6,0.04394937,0.95514059,0.02281081,0.97519004,0.00654664,0.99302202
167,712,40,11,0.99574935,0.00393507,0.99317271,0.00444064,0.99917871,0.00064426
168,975,52,12,0.00792141,0.99096501,0.01837989,0.97975492,0.00597185,0.99352020
169,162,54,67,0.99723262,0.00216540,0.99260807,0.00649873,0.99887758,0.00097259
170,249,45,33,0.03219427,0.96535051,0.01259315,0.98629135,0.03026192,0.96854657
171,371,54,6,0.23050299,0.76393664,0.06257074,0.93569064,0.01201759,0.98728627
172,240,27,9,0.02666489,0.97155458,0.01988192,0.97897023,0.00699531,0.99230087
173,241,15,8,0.00334806,0.99581844,0.01133947,0.98703951,0.00343028,0.99622214
174,113,25,7,0.03546492,0.96221238,0.01135732,0.98759705,0.00411771,0.99515814
175,887,41,1,0.87657326,0.11784095,0.24162766,0.75369292,0.99955040,0.00035187
176,2048,83,202,0.84983188,0.14933655,0.97558755,0.02076863,0.63545603,0.36377433
177,264,31,6,0.00688062,0.99174905,0.00756487,0.99136329,0.00351111,0.99606031
178,174,40,5,0.01875329,0.97967154,0.01035457,0.98836064,0.00513329,0.99433893
179,593,46,45,0.99815899,0.00167038,0.99657249,0.00198531,0.99956959,0.00033061
180,195,49,19,0.99188989,0.00779877,0.99320966,0.00529553,0.99850059,0.00105477
181,2048,61,67,0.99608409,0.00365097,0.99499786,0.00312951,0.99747998,0.00226395
182,175,97,152,0.99767178,0.00200885,0.99613827,0.00240092,0.99916923,0.00055288
183,454,48,53,0.99864095,0.00110286,0.99614775,0.00312464,0.99939203,0.00044918
184,1856,44,7,0.00921793,0.98858505,0.01320517,0.98472679,0.00580220,0.99374312
185,638,32,34,0.99136239,0.00789848,0.98567361,0.01169853,0.99883813,0.00097847
186,1105,58,12,0.99791008,0.00186198,0.98655242,0.01011398,0.99378282,0.00546139
187,247,55,21,0.01562752,0.98297989,0.03039384,0.96817243,0.00374278,0.99556690
188,349,41,23,0.35564965,0.64359671,0.01449881,0.98461270,0.00517775,0.99441081
189,229,62,17,0.99902010,0.00085153,0.99648958,0.00174664,0.99964249,0.00025676
190,80,58,40,0.99891341,0.00099456,0.99371594,0.00515442,0.99959642,0.00031117
191,1130,62,8,0.04791344,0.95047587,0.02328803,0.97495621,0.00173228,0.99814808
192,468,26,464,0.98423094,0.01473654,0.98383510,0.01236174,0.99908590,0.00076736
193,635,31,107,0.99421519,0.00501363,0.99376774,0.00451787,0.99965894,0.00025721
194,324,33,32,0.68221128,0.31508499,0.99168289,0.00718432,0.99789906,0.00191683
195,403,24,25,0.99729675,0.00250707,0.99890924,0.00070550,0.99968493,0.00024621
196,176,45,14,0.99622297,0.00346400,0.99708241,0.00224455,0.96732116,0.02447733
197,210,33,4,0.96040189,0.03816602,0.99846989,0.00102242,0.99955827,0.00037677
198,210,36,12,0.02024403,0.97786182,0.00516305,0.99384415,0.00056625,0.99913508
199,47,20,77,0.99857235,0.00117896,0.99768567,0.00154354,0.99941945,0.00041404
200,1067,55,8,0.03249544,0.96603930,0.00385362,0.99512923,0.00276809,0.99696487
201,71,67,7,0.06239619,0.93252540,0.08684944,0.91109860,0.00645805,0.99263167
202,262,35,9,0.99744427,0.00230748,0.99915397,0.00055444,0.99956721,0.00032923
203,372,62,10,0.99881542,0.00087674,0.99636370,0.00308757,0.99940419,0.00043951
204,344,31,34,0.99524730,0.00429648,0.98525375,0.01274420,0.99942100,0.00048274
205,41,46,4,0.05432396,0.93641096,0.14099467,0.85395879,0.00443388,0.99502027
206,267,31,6,0.00841984,0.98968631,0.00241553,0.99575621,0.00060625,0.99918598
207,1048,84,83,0.59226906,0.40217859,0.97695816,0.01772649,0.99916661,0.00070768
208,838,46,11,0.03710465,0.95991325,0.01715564,0.98142767,0.00184759,0.99786830
209,585,58,23,0.58257633,0.41557658,0.90599310,0.08305955,0.99605066,0.00365363
210,329,53,4,0.12533222,0.87111187,0.02281861,0.97589320,0.02178926,0.97744548
211,1679,33,6,0.16313758,0.83519053,0.14165510,0.85547864,0.98933256,0.01056522
212,244,6,13,0.97323555,0.02616659,0.97862452,0.02044846,0.97019190,0.02837433
213,301,41,51,0.99908078,0.00078087,0.99194509,0.00589560,0.99950469,0.00035746
214,1672,46,17,0.02363283,0.97496152,0.01056698,0.98796624,0.00088886,0.99893242
215,979,62,2,0.09246875,0.90362436,0.31177041,0.68215007,0.00221140,0.99752361
216,681,47,37,0.99303198,0.00596889,0.98796540,0.00850148,0.99933559,0.00049144
217,140,26,6,0.95728916,0.04171481,0.99198371,0.00553010,0.99965513,0.00024100
218,1288,61,10,0.01726616,0.98113221,0.01472202,0.98387998,0.00149641,0.99832362
219,198,60,11,0.01620469,0.98330498,0.01450126,0.98438245,0.00761408,0.99184072
220,771,33,32,0.99844652,0.00142145,0.99684167,0.00173844,0.99925727,0.00055662
221,106,22,5,0.03145183,0.96551925,0.00584969,0.99334806,0.00105818,0.99865842
222,508,73,5,0.93006730,0.06938055,0.94537538,0.05045070,0.99894446,0.00093625
223,286,44,17,0.03243340,0.96454442,0.01862258,0.97978038,0.00129049,0.99819762
224,232,28,8,0.04061683,0.95652658,0.00677114,0.99202347,0.00226040,0.99745041
225,2048,87,8,0.03984454,0.95775247,0.11938423,0.87534964,0.01258325,0.98723918
226,116,60,4,0.03154356,0.96522075,0.03089644,0.96754962,0.00079253,0.99887639
227,189,31,5,0.98312700,0.01636229,0.99647957,0.00328759,0.99865168,0.00120202
228,349,57,174,0.99351352,0.00611214,0.92497891,0.06678069,0.99928027,0.00050217
229,631,39,9,0.99647093,0.00254244,0.94747013,0.04551563,0.99855298,0.00053052
230,740,61,14,0.02899622,0.96894699,0.90756422,0.08730017,0.99838662,0.00115733
231,477,30,10,0.99866688,0.00125386,0.99955648,0.00026590,0.99957055,0.00034214
232,1560,28,67,0.99728131,0.00247789,0.99659389,0.00259908,0.99946314,0.00045028
233,1378,56,9,0.06804711,0.92525184,0.02928480,0.96860886,0.00108850,0.99869788
234,2048,43,6,0.01330789,0.98521394,0.02344261,0.97458863,0.00075511,0.99911231
235,110,45,14,0.00863361,0.98939383,0.00341455,0.99520773,0.00080327,0.99875689
236,1150,23,11,0.01410251,0.98382527,0.00600988,0.99280566,0.00093979,0.99887055
237,257,35,3,0.18975079,0.80486423,0.83102268,0.16595356,0.45647871,0.54296672
238,355,51,23,0.64709485,0.35048056,0.00357797,0.99563193,0.00076892,0.99901199
239,1441,53,49,0.02607326,0.97257644,0.02467913,0.97412205,0.00346487,0.99627930
240,900,35,16,0.99757987,0.00228200,0.99196941,0.00689147,0.99947184,0.00041283
241,375,36,2,0.93082368,0.06535175,0.76658821,0.22660905,0.30811837,0.69103110
242,2048,44,33,0.99273795,0.00677874,0.90853852,0.08711815,0.82483685,0.17484081
243,303,59,9,0.99925166,0.00065510,0.99814630,0.00124407,0.99934369,0.00056945
244,1036,49,4,0.96241605,0.03721909,0.98521960,0.01276456,0.99916017,0.00076425
245,270,48,10,0.02165332,0.97548497,0.06455457,0.93310308,0.00231936,0.99740547
246,214,35,62,0.99894482,0.00095277,0.88886499,0.10185280,0.99808705,0.00097230
247,211,59,9,0.05653137,0.94100171,0.01026186,0.98797244,0.00207462,0.99748528
248,295,43,48,0.99943072,0.00049504,0.99855202,0.00113536,0.99951708,0.00040250
249,1375,32,8,0.01076108,0.98771977,0.00789637,0.99083811,0.00071704,0.99913424
250,134,54,21,0.23314260,0.76014805,0.17489393,0.82270253,0.98826551,0.01139566
251,341,44,52,0.99942744,0.00044568,0.99896383,0.00063044,0.99857593,0.00059897
252,174,79,100,0.99836057,0.00122370,0.97964352,0.01689566,0.99930394,0.00047985
253,1231,35,32,0.12122244,0.87409890,0.01657295,0.98132056,0.00107581,0.99875796
254,283,37,10,0.01197674,0.98695660,0.00322971,0.99576795,0.00061041,0.99916255
255,211,31,5,0.03546331,0.96143633,0.00600923,0.99178529,0.00088633,0.99886203
256,295,34,19,0.02392432,0.97391605,0.00349127,0.99595922,0.00062206,0.99918777
257,297,17,11,0.03338513,0.96302450,0.00469027,0.99442852,0.00081434,0.99899524
258,2048,35,11,0.02474421,0.97202009,0.01307712,0.98444438,0.00127807,0.99846989
259,82,26,30,0.99916279,0.00074374,0.67989886,0.31800333,0.99929631,0.00056515
260,1470,42,5,0.02965220,0.96886450,0.03470656,0.96327424,0.00394943,0.99563086
261,293,15,7,0.01711380,0.98073721,0.00914376,0.99007857,0.00082314,0.99900049
262,155,26,56,0.99955505,0.00036029,0.99903846,0.00057967,0.99925107,0.00041945
263,508,32,9,0.99535793,0.00411109,0.99759370,0.00177385,0.99834538,0.00154255
264,285,16,31,0.04277520,0.95428455,0.00250981,0.99696141,0.00053538,0.99926001
265,1828,62,23,0.18366651,0.81386030,0.94018060,0.05335096,0.10484318,0.89455748
266,740,77,5,0.03387677,0.96382540,0.01664141,0.98245001,0.00166823,0.99813157
267,192,48,4,0.00689707,0.99111801,0.00276639,0.99641317,0.00057653,0.99923134
268,323,43,80,0.99957591,0.00033818,0.99339163,0.00571242,0.99944776,0.00035780
269,213,18,53,0.99933416,0.00059848,0.99792707,0.00119057,0.99847859,0.00049650
270,504,64,86,0.99938977,0.00044714,0.98427838,0.01167313,0.99928838,0.00042602
271,470,40,5,0.01703390,0.98111665,0.00583447,0.99205846,0.00089608,0.99880183
272,1039,46,6,0.02406157,0.97493058,0.01191106,0.98682541,0.02471204,0.97445911
273,504,26,88,0.99770218,0.00213553,0.99876189,0.00072746,0.99951649,0.00040148
274,1495,63,18,0.05520456,0.94306242,0.01657116,0.98205411,0.00260417,0.99728501
275,212,63,97,0.99930966,0.00063304,0.99922907,0.00040676,0.99952447,0.00035630
276,342,41,6,0.02499426,0.97158372,0.03200614,0.96555316,0.00114146,0.99850756
277,558,53,3,0.03284151,0.96163130,0.00332740,0.99554199,0.00097024,0.99888808
278,222,11,26,0.04856401,0.94898802,0.00405122,0.99501342,0.00056070,0.99918443
279,513,86,4,0.99624473,0.00336463,0.99929154,0.00046450,0.99941170,0.00051215
280,605,59,70,0.99411327,0.00570677,0.94475383,0.04655729,0.99830997,0.00124580
281,1637,54,17,0.03776737,0.96059299,0.00984865,0.98853046,0.00140671,0.99832994
282,420,60,12,0.99943334,0.00047268,0.99897939,0.00072929,0.99948776,0.00040320
283,1202,85,25,0.99621373,0.00353249,0.98557681,0.01098729,0.99914038,0.00064301
284,1455,31,17,0.99788326,0.00197612,0.98853171,0.00958536,0.99951530,0.00039225
285,735,47,167,0.99939227,0.00053378,0.99848723,0.00108735,0.99929798,0.00044157
286,168,15,16,0.99908888,0.00077144,0.99947006,0.00036363,0.99942869,0.00043326
287,507,66,12,0.04053483,0.95678407,0.01002946,0.98894334,0.00206247,0.99747795
288,398,57,7,0.02165195,0.97639650,0.00215778,0.99714309,0.00076758,0.99902868
289,120,30,36,0.99953794,0.00037159,0.99128473,0.00730579,0.99694198,0.00082769
290,633,24,5,0.02139137,0.97594869,0.00920152,0.98993802,0.00126256,0.99864560
291,532,25,52,0.99725890,0.00249361,0.97161084,0.02230510,0.99847549,0.00127051
292,297,37,50,0.99728465,0.00239756,0.98798358,0.01092047,0.96704334,0.03008256
293,283,37,10,0.00603841,0.99312383,0.00181782,0.99721730,0.00061041,0.99916255
294,1649,46,7,0.05490251,0.94287819,0.03791041,0.95967394,0.00101190,0.99885523
295,408,85,81,0.99914742,0.00066252,0.98964185,0.00759272,0.99929214,0.00043196
296,263,90,13,0.23540065,0.76279163,0.00518940,0.99422139,0.99093455,0.00845780
297,185,23,9,0.66935712,0.32874995,0.75716776,0.23830783,0.82085717,0.17801400
298,1345,43,6,0.27291089,0.72263157,0.16420071,0.83116728,0.99856949,0.00136968
299,236,18,13,0.15974836,0.83748484,0.00251444,0.99659830,0.00052235,0.99933261
300,603,42,13,0.02711865,0.97104889,0.00656681,0.99221355,0.00773100,0.99207789
301,379,29,40,0.99462503,0.00513637,0.99097276,0.00764422,0.99807113,0.00179429
302,1260,68,11,0.99588096,0.00377066,0.99136567,0.00545131,0.99896860,0.00068486
303,232,55,12,0.96082640,0.03842187,0.71678919,0.27846050,0.60081738,0.39642084
304,330,23,5,0.03638776,0.96090847,0.02068526,0.97741222,0.62915283,0.37045586
305,473,34,13,0.15007411,0.84406030,0.01393921,0.98275959,0.05654669,0.94302231
306,263,26,1,0.93892545,0.05976799,0.79276395,0.19654797,0.99338371,0.00650458
307,118,55,6,0.02951635,0.96716577,0.00216692,0.99696583,0.00317573,0.99646461
308,439,49,61,0.99926060,0.00063906,0.99106848,0.00679886,0.99937445,0.00048469
309,669,30,13,0.02401255,0.97473532,0.00486934,0.99399710,0.00391944,0.99585897
310,526,50,72,0.99917883,0.00072025,0.98604256,0.01009823,0.99882478,0.00081482
311,1368,72,80,0.99607301,0.00359339,0.97945350,0.01685005,0.99934906,0.00054461
312,141,14,20,0.99870086,0.00108812,0.99620914,0.00348403,0.99904495,0.00076264
313,558,93,12,0.03036427,0.96756971,0.01417481,0.98414153,0.01374619,0.98600417
314,247,62,7,0.03169246,0.96328616,0.00623895,0.99190313,0.36097100,0.63850945
315,295,62,4,0.02711452,0.96775210,0.02089542,0.97773063,0.01092074,0.98878211
316,490,74,15,0.88100147,0.11802402,0.96547312,0.02937115,0.99166614,0.00517396
317,318,53,11,0.12075351,0.87648773,0.02022359,0.97774750,0.22228575,0.77729750
318,438,41,13,0.99634141,0.00342263,0.99656975,0.00261126,0.99918455,0.00063963
319,151,52,10,0.01861247,0.97964489,0.00303386,0.99509156,0.00519859,0.99437815
320,370,57,4,0.99857557,0.00128722,0.99909508,0.00073707,0.99923551,0.00064039
321,1739,54,45,0.99861312,0.00124458,0.91563618,0.07276372,0.99640948,0.00326934
322,1351,37,13,0.02363148,0.97429001,0.01098186,0.98740911,0.04101526,0.95865738
323,409,26,6,0.02882935,0.96856344,0.01028440,0.98875511,0.01041915,0.98928881
324,535,47,14,0.01749307,0.97886562,0.00381548,0.99505347,0.01163919,0.98814303
325,658,61,9,0.04748886,0.94886243,0.06877227,0.92878860,0.17541756,0.82410544
326,315,44,11,0.99944943,0.00044859,0.98380524,0.01157298,0.99934322,0.00040932
327,582,54,11,0.03156810,0.96640402,0.00609582,0.99302989,0.02093587,0.97883290
328,933,40,18,0.01654524,0.98213643,0.00799475,0.99091268,0.01047856,0.98927736
329,369,45,3,0.01398150,0.98425633,0.00462857,0.99416888,0.00656686,0.99309313
330,281,36,5,0.02018006,0.97537857,0.01474932,0.98318869,0.01840372,0.98130989
331,272,35,23,0.05248154,0.94383520,0.00415823,0.99424607,0.00594529,0.99380177
332,201,49,4,0.99844438,0.00134483,0.99911958,0.00052074,0.99933439,0.00055861
333,343,44,18,0.03725915,0.95968342,0.04759188,0.95099783,0.04568199,0.95395672
334,111,23,81,0.99905974,0.00076521,0.99472743,0.00424103,0.99932384,0.00033718
335,1019,23,364,0.99530965,0.00442664,0.97980243,0.01534532,0.99694061,0.00255932
336,340,39,298,0.99795121,0.00190585,0.99003953,0.00740984,0.99908972,0.00086705
337,453,64,2,0.99709129,0.00201648,0.84638941,0.14616415,0.99949872,0.00044058
338,2048,63,12,0.02481801,0.97292376,0.00824209,0.99017489,0.02579261,0.97397441
339,317,23,12,0.03412653,0.96293229,0.01107416,0.98707426,0.00362701,0.99620831
340,663,34,12,0.99236488,0.00727833,0.99794906,0.00143559,0.99924076,0.00070840
341,1809,68,11,0.04255116,0.94965529,0.00712593,0.99082762,0.01555295,0.98422712
342,395,46,10,0.99932432,0.00052210,0.99835855,0.00047068,0.99939156,0.00035830
343,230,68,4,0.03330741,0.96237719,0.10571279,0.88915169,0.98082376,0.01900037
344,330,32,11,0.99896061,0.00089994,0.99913138,0.00053796,0.99969625,0.00024676
345,1098,54,9,0.04353512,0.95351797,0.00890297,0.98946816,0.02551065,0.97428030
346,77,64,158,0.99967468,0.00019251,0.99916101,0.00039056,0.99931848,0.00043826
347,547,68,24,0.01676193,0.98117399,0.00298678,0.99563450,0.01364373,0.98609275
348,976,97,12,0.99961448,0.00030724,0.99728823,0.00193953,0.99962270,0.00032039
349,126,23,10,0.99931037,0.00051674,0.99880397,0.00084858,0.99860531,0.00127260
350,598,63,22,0.05413358,0.94363868,0.00166868,0.99675035,0.00504912,0.99476671
351,1496,60,14,0.03700861,0.95867801,0.03748278,0.95808852,0.01626446,0.98354739
352,220,20,50,0.98912489,0.01012148,0.99911088,0.00036689,0.99954599,0.00030007
353,136,32,15,0.99950933,0.00040116,0.99942291,0.00027060,0.99970800,0.00023583
354,1385,48,8,0.06953541,0.92621529,0.01922363,0.97811252,0.22404830,0.77559704
355,1169,66,11,0.04020933,0.95413393,0.00517921,0.99339336,0.00866573,0.99109042
356,574,89,23,0.01416865,0.98341519,0.00435576,0.99463379,0.01123186,0.98851043
357,278,52,18,0.52781671,0.47003710,0.99536312,0.00391413,0.99738020,0.00243234
358,290,53,5,0.04467062,0.95225775,0.00303409,0.99631041,0.38236758,0.61711645
359,503,51,18,0.99805862,0.00168815,0.99291646,0.00638434,0.99711263,0.00277317
360,376,31,15,0.02963771,0.96874309,0.00246176,0.99628973,0.00388058,0.99584156
361,393,65,17,0.02067317,0.97776753,0.00286952,0.99623328,0.00635183,0.99341053
362,268,20,9,0.04301589,0.95342493,0.00517694,0.99379528,0.00578726,0.99398756
363,844,36,159,0.99611628,0.00349634,0.99737608,0.00134776,0.99960428,0.00034606
364,1069,52,8,0.27304053,0.72412944,0.05058486,0.94432044,0.49825424,0.50137156
365,122,11,56,0.99956590,0.00030477,0.99914479,0.00047203,0.99974233,0.00019226
366,239,31,6,0.01436341,0.98407841,0.00500544,0.99289602,0.00371858,0.99603760
367,200,54,67,0.99890089,0.00087242,0.99845076,0.00072222,0.99975091,0.00020408
368,522,41,123,0.99952292,0.00040685,0.98911732,0.00861597,0.99889427,0.00100873
369,204,30,11,0.04675638,0.94719362,0.00398705,0.99492610,0.00838293,0.99126995
370,309,54,12,0.99905306,0.00075570,0.99834311,0.00115983,0.99964786,0.00031873
371,332,11,9,0.02489025,0.97332770,0.00330067,0.99593252,0.00261212,0.99717593
372,1079,72,6,0.03001416,0.96642268,0.02669560,0.97115356,0.01953896,0.98018450
373,1097,74,4,0.03223531,0.96520042,0.05598210,0.94163448,0.23791277,0.76176399
374,304,89,8,0.05108533,0.94001025,0.01779680,0.98021275,0.03771724,0.96191633
375,1147,59,8,0.07385723,0.92436606,0.00267364,0.99579877,0.00938601,0.99043018
376,783,44,8,0.02252103,0.97298354,0.00897603,0.98866302,0.00638778,0.99338257
377,127,20,124,0.99963307,0.00030913,0.99857092,0.00094639,0.99974793,0.00019727
378,194,54,8,0.99967611,0.00024200,0.99716419,0.00205903,0.99864763,0.00082895
379,123,26,12,0.99961925,0.00029031,0.99921203,0.00028811,0.99970621,0.00022165
380,225,42,37,0.97723585,0.02143875,0.99592268,0.00321738,0.99296486,0.00681306
381,318,59,4,0.01977947,0.97809041,0.01454756,0.98393202,0.01136114,0.98840779
382,913,58,11,0.01808792,0.97753704,0.00645826,0.99244350,0.00939671,0.99038470
383,354,50,1,0.99787331,0.00183987,0.88287282,0.10953286,0.99712902,0.00265468
384,2048,67,9,0.02313591,0.97368783,0.01164826,0.98722827,0.05788355,0.94180584
385,259,22,75,0.99971145,0.00021025,0.99931788,0.00027793,0.99977094,0.00014866
386,1159,34,43,0.99852657,0.00126781,0.99635965,0.00166271,0.99965286,0.00030696
387,122,11,8,0.01280262,0.98371106,0.00250715,0.99637502,0.00319176,0.99648702
388,1412,43,50,0.99626261,0.00269151,0.99434114,0.00339990,0.99898559,0.00084650
389,313,36,11,0.13293564,0.85446399,0.04951279,0.94739395,0.00704811,0.99265784
390,769,43,59,0.98137903,0.01758911,0.99713469,0.00193829,0.99899489,0.00089112
391,359,42,380,0.99754792,0.00219397,0.99589008,0.00298251,0.99560755,0.00429759
392,507,111,5,0.03014107,0.96677554,0.00492225,0.99384660,0.03672650,0.96294910
393,806,25,11,0.04899143,0.94849217,0.00236526,0.99681681,0.00498372,0.99484861
394,671,56,77,0.99907780,0.00075217,0.99798030,0.00082374,0.94105703,0.05880680
395,122,11,56,0.99964988,0.00027007,0.99954599,0.00020161,0.99974233,0.00019226
396,617,35,33,0.95864570,0.03980846,0.98507488,0.01282901,0.99871361,0.00121203
397,1397,58,15,0.02265395,0.97422522,0.00581383,0.99212682,0.00676472,0.99302292
398,952,27,11,0.99964297,0.00027467,0.99906105,0.00039055,0.99966967,0.00027053
399,1352,49,2,0.99515980,0.00458230,0.86830527,0.12246653,0.99940228,0.00054534
400,365,61,13,0.99686831,0.00274465,0.99358213,0.00527108,0.99896085,0.00068039
401,126,17,16,0.01438925,0.98219484,0.00409309,0.99523646,0.00345179,0.99622947
402,194,34,33,0.99967074,0.00019780,0.99885559,0.00081387,0.99968839,0.00025606
403,597,40,58,0.99841762,0.00103286,0.99785066,0.00059518,0.99958128,0.00029921
404,1404,43,92,0.99822992,0.00164520,0.99600095,0.00240077,0.99968088,0.00025353
405,246,40,12,0.00555755,0.99305165,0.00848169,0.98974252,0.00231895,0.99750739
406,316,44,59,0.99518579,0.00385316,0.99614727,0.00291334,0.87225199,0.12714744
407,2048,63,20,0.99672121,0.00254395,0.98426270,0.01427255,0.99902463,0.00085343
408,160,39,21,0.99822694,0.00114887,0.99817288,0.00098614,0.99916458,0.00046816
409,1850,53,4,0.46565428,0.53009081,0.41126007,0.58549458,0.99528730,0.00462914
410,973,55,18,0.99899703,0.00079845,0.99416029,0.00348624,0.99813616,0.00178864
411,320,63,7,0.03319931,0.96400827,0.02319970,0.97446841,0.00896501,0.99079949
412,634,30,18,0.00560257,0.99267101,0.00465926,0.99429482,0.00098678,0.99894649
413,224,45,6,0.01318561,0.98558050,0.04767745,0.94931298,0.00297143,0.99669987
414,679,95,18,0.99926633,0.00059703,0.99782383,0.00149033,0.99958307,0.00035284
415,270,29,25,0.00868229,0.98961228,0.00484648,0.99406779,0.00082266,0.99906307
416,242,55,7,0.01042292,0.98840892,0.01505069,0.98202056,0.00434020,0.99535322
417,413,51,11,0.00534500,0.99383116,0.00583803,0.99250823,0.00088668,0.99900573
418,617,51,7,0.00469936,0.99422121,0.00460856,0.99278766,0.00079910,0.99912268
419,568,37,2,0.00697414,0.99224323,0.05908753,0.93746221,0.00103688,0.99886912
420,446,58,7,0.00734011,0.99126011,0.00491546,0.99322283,0.00099895,0.99889249
421,235,22,5,0.09340229,0.90499121,0.11423129,0.88246340,0.87146628,0.12708938
422,307,65,67,0.99947757,0.00039047,0.99899846,0.00054990,0.99975091,0.00020354
423,241,61,15,0.99957174,0.00034265,0.99876046,0.00040954,0.99965918,0.00028663
424,375,81,4,0.01279130,0.98571569,0.01479034,0.98285425,0.00598613,0.99349594
425,1190,93,10,0.99541146,0.00379685,0.99052703,0.00765048,0.99881518,0.00111346
426,235,60,15,0.92960483,0.06866023,0.99831331,0.00123972,0.99317402,0.00669086
427,203,41,15,0.00577795,0.99241090,0.00519056,0.99299699,0.00072620,0.99915051
428,519,48,5,0.99922383,0.00067318,0.98243606,0.01578952,0.99945074,0.00049732
429,1262,17,9,0.02991066,0.96899533,0.01179297,0.98713350,0.00129224,0.99861896
430,1803,66,9,0.84974998,0.14736146,0.67241484,0.28862235,0.99683964,0.00278896
431,872,67,7,0.01369621,0.98489445,0.00905463,0.98804539,0.00106674,0.99884099
432,607,26,6,0.08742892,0.91145003,0.00415746,0.99443626,0.00925873,0.99057192
433,197,29,12,0.99979001,0.00017400,0.99912685,0.00036631,0.99959892,0.00034994
434,154,80,11,0.01879187,0.97778964,0.00620151,0.99187851,0.00210708,0.99770182
435,220,26,10,0.01602940,0.98009181,0.00988285,0.98831111,0.00278097,0.99702930
436,350,58,17,0.51686341,0.48153692,0.00844130,0.99015677,0.01790822,0.98179722
437,905,85,26,0.99891114,0.00093625,0.99807101,0.00135908,0.99965644,0.00029712
438,158,56,9,0.00668510,0.99071270,0.00428061,0.99417782,0.00253269,0.99722314
439,629,33,2,0.01879701,0.98020935,0.22230077,0.76992941,0.00452229,0.99522144
440,366,29,14,0.00740585,0.99174589,0.02199166,0.97288471,0.00126924,0.99856228
441,230,38,20,0.25983194,0.73321176,0.20895061,0.76305538,0.23172289,0.76393712
442,958,60,99,0.99898118,0.00082946,0.99700576,0.00103367,0.99955684,0.00037474
443,1260,50,13,0.02001061,0.97807229,0.00883599,0.98938251,0.00141957,0.99849582
444,294,53,8,0.02356217,0.97532719,0.02261998,0.97271562,0.00490418,0.99481094
445,428,37,10,0.99854845,0.00128252,0.95442802,0.04362683,0.99962461,0.00032239
446,1740,38,38,0.99705553,0.00282295,0.99063170,0.00666022,0.99934715,0.00059112
447,580,71,76,0.99810022,0.00167241,0.99936515,0.00025438,0.99877781,0.00093536
448,513,24,24,0.44609281,0.55278152,0.98369229,0.01497444,0.00434585,0.99549663
449,589,46,18,0.01339103,0.98542744,0.00425555,0.99477345,0.00580602,0.99396682
450,158,40,15,0.02282195,0.97470707,0.00507308,0.99257600,0.00220499,0.99753177
451,471,27,6,0.00823724,0.98993021,0.00760938,0.98993826,0.00153115,0.99833220
452,230,51,4,0.02071787,0.97716904,0.01390509,0.98392189,0.05506642,0.94383144
453,684,52,6,0.01260308,0.98484206,0.00811263,0.99012756,0.00184030,0.99802411
454,2048,58,77,0.99586499,0.00367998,0.99117625,0.00706193,0.99899477,0.00082707
455,157,38,8,0.01886915,0.97907156,0.00713818,0.99066544,0.01135269,0.98822594
456,758,45,4,0.45576316,0.54220116,0.99728382,0.00188968,0.99963856,0.00030933
457,298,31,53,0.99818242,0.00164320,0.99943835,0.00020345,0.99955791,0.00034671
458,193,49,54,0.99868733,0.00108729,0.99699044,0.00206186,0.99947637,0.00033831
459,447,42,6,0.00623686,0.99254578,0.04546836,0.95060188,0.00089845,0.99901712
460,750,58,10,0.99776125,0.00211552,0.99754697,0.00180748,0.99965453,0.00029430
461,1109,51,6,0.00865453,0.99005949,0.01592349,0.98211491,0.00135243,0.99854702
462,1126,28,14,0.02351400,0.97541761,0.01847481,0.97903699,0.00138582,0.99849319
463,412,39,5,0.99458462,0.00525581,0.94213551,0.05580520,0.99964237,0.00031025
464,198,36,11,0.00856296,0.98881769,0.00534741,0.99355984,0.00150128,0.99824321
465,270,46,260,0.99711299,0.00278296,0.98665327,0.01075328,0.99910539,0.00083311
466,420,41,11,0.99925154,0.00071635,0.99569368,0.00321283,0.99964237,0.00030001
467,549,40,55,0.99859434,0.00121362,0.99916899,0.00045157,0.99970180,0.00024623
468,569,50,8,0.00971369,0.98930639,0.00826234,0.98951030,0.00254412,0.99725026
469,151,62,86,0.99928916,0.00061072,0.99912971,0.00048028,0.99942243,0.00052998
470,366,45,28,0.00924272,0.98904407,0.00334069,0.99571949,0.00113865,0.99870551
471,174,60,4,0.17193970,0.82530332,0.31081477,0.68315870,0.99435389,0.00531599
472,846,58,12,0.99842608,0.00146818,0.99438781,0.00410834,0.99947888,0.00044690
473,306,49,32,0.04277011,0.95441151,0.03292087,0.96519643,0.00144675,0.99842644
474,1334,42,13,0.99317896,0.00639257,0.99793041,0.00128622,0.99745053,0.00155678
475,120,66,4,0.99841046,0.00148547,0.99916697,0.00042742,0.99937028,0.00053019
476,558,51,9,0.22758614,0.76927537,0.01178872,0.98683006,0.16445149,0.83504575
477,380,42,38,0.99946743,0.00049965,0.99819320,0.00094405,0.99945790,0.00044804
478,723,59,92,0.99857295,0.00122636,0.99275172,0.00512909,0.99961424,0.00029581
479,888,52,25,0.00837465,0.99035102,0.00538726,0.99342644,0.01415706,0.98571914
480,556,16,6,0.01309323,0.98563308,0.01937944,0.97734135,0.00167735,0.99819428
481,243,26,57,0.99609035,0.00381388,0.98432606,0.01343859,0.99914432,0.00069122
482,362,26,54,0.99527150,0.00448707,0.99090940,0.00737134,0.99880481,0.00108217
483,431,43,5,0.00569647,0.99381155,0.01006002,0.98787701,0.00289904,0.99687541
484,494,30,4,0.00682096,0.99225217,0.01338197,0.98407805,0.00146513,0.99837744
485,289,37,104,0.97832561,0.02122363,0.99270719,0.00513798,0.99878925,0.00104834
486,320,55,4,0.01675987,0.98211116,0.01639195,0.98116159,0.00101361,0.99888664
487,1506,30,73,0.95106614,0.04375221,0.99236614,0.00510888,0.99911910,0.00074966
488,227,17,9,0.96453178,0.03480774,0.79995811,0.19619250,0.19230528,0.80710298
489,361,52,62,0.99759668,0.00213414,0.99879527,0.00073682,0.99967360,0.00027055
490,1305,35,11,0.00867822,0.99020773,0.00749837,0.99099988,0.00112783,0.99878007
491,512,34,23,0.00830916,0.99099040,0.05278019,0.93988371,0.01716527,0.98221487
492,1227,21,12,0.99904794,0.00088225,0.99923503,0.00035390,0.99960297,0.00034571
493,880,18,23,0.99683678,0.00304746,0.99905902,0.00044239,0.99958581,0.00037551
494,956,43,12,0.99574029,0.00406828,0.99715173,0.00126611,0.99943942,0.00046447
495,320,43,9,0.01116045,0.98707646,0.02361661,0.97421104,0.00251046,0.99710208
496,1207,34,374,0.99607050,0.00366318,0.98016512,0.01632532,0.99926311,0.00065158
497,404,59,15,0.01702688,0.98107362,0.00774219,0.99127287,0.00629687,0.99346912
498,619,65,7,0.99690753,0.00293209,0.99828738,0.00100639,0.99950469,0.00041165
499,255,58,113,0.99962378,0.00032128,0.99930370,0.00028215,0.99938369,0.00048134
500,859,57,30,0.00750452,0.99101126,0.03781896,0.95898676,0.00554618,0.99401432
501,199,45,19,0.99874651,0.00114476,0.99955004,0.00026461,0.99964821,0.00031842
502,290,62,14,0.03176817,0.96638083,0.11036269,0.88294995,0.39620674,0.60196066
503,149,32,11,0.99961370,0.00034771,0.99971336,0.00010679,0.99970919,0.00024211
504,180,25,14,0.83946615,0.15935478,0.95711875,0.04049117,0.93896312,0.06047723
505,406,45,71,0.99707675,0.00269005,0.99597329,0.00275837,0.99967909,0.00026603
506,345,11,4,0.09367786,0.90340602,0.87664652,0.09809660,0.99946219,0.00043286
507,322,47,6,0.01257237,0.98587865,0.00919141,0.98864007,0.00111746,0.99872845
508,288,53,4,0.00732871,0.99131256,0.02395913,0.97278577,0.00254016,0.99722904
509,173,73,6,0.02100886,0.97571760,0.00660750,0.99254841,0.00233404,0.99733436
510,339,49,13,0.14553076,0.85123932,0.00845575,0.99066633,0.01422697,0.98522896
511,671,58,6,0.07750160,0.92107379,0.38926023,0.59745693,0.00270777,0.99715650
512,574,43,19,0.00813039,0.99038345,0.01960251,0.97953576,0.92487085,0.07428464
513,364,33,4,0.24855958,0.74899411,0.98985636,0.00905709,0.99917078,0.00073476
514,274,31,15,0.08162796,0.91646963,0.00125368,0.99767178,0.00136470,0.99841070
515,198,47,38,0.99964333,0.00030338,0.99929559,0.00039739,0.99959856,0.00036402
516,435,49,29,0.99835616,0.00154628,0.99933308,0.00019814,0.99960703,0.00032862
517,175,60,11,0.99900228,0.00089791,0.99964535,0.00013368,0.99969792,0.00022757
518,407,61,22,0.01176901,0.98599213,0.09242836,0.90490425,0.00259737,0.99707794
519,440,31,32,0.99851781,0.00129297,0.98805737,0.01075922,0.99813449,0.00159564
520,740,39,11,0.99822956,0.00169722,0.99824739,0.00079506,0.99933308,0.00042676
521,97,35,11,0.00615113,0.99181187,0.00185064,0.99749529,0.00152876,0.99814939
522,386,74,4,0.98106730,0.01854826,0.99866772,0.00086325,0.99926835,0.00058413
523,1542,51,67,0.99736482,0.00250985,0.99250859,0.00482916,0.99956769,0.00039583
524,1143,33,9,0.04165223,0.95615327,0.00295631,0.99596208,0.00139722,0.99848491
525,239,17,20,0.99860793,0.00129946,0.99920756,0.00049808,0.99946827,0.00048094
526,104,17,15,0.01104278,0.98805553,0.00181258,0.99713147,0.00128694,0.99847442
527,364,27,66,0.99556953,0.00395859,0.99657959,0.00154397,0.99937087,0.00030921
528,718,78,184,0.99552166,0.00431054,0.99292177,0.00417887,0.99943250,0.00042296
529,377,60,15,0.99855667,0.00136219,0.99768174,0.00079665,0.99947244,0.00036353
530,1270,42,67,0.99872237,0.00112544,0.98799813,0.00889778,0.99949825,0.00041408
531,362,25,5,0.99648511,0.00322787,0.98672706,0.01200973,0.99967575,0.00027658
532,320,36,4,0.01459148,0.98397487,0.01390665,0.98431176,0.00526429,0.99425358
533,974,63,11,0.13384101,0.86490947,0.14924042,0.84701681,0.06325884,0.93623912
534,1654,42,67,0.99703610,0.00285486,0.99621397,0.00225836,0.99964392,0.00031717
535,80,49,20,0.97364843,0.02596106,0.99658775,0.00278761,0.99914575,0.00046517
536,523,54,2,0.99588263,0.00387394,0.99844861,0.00102482,0.99875689,0.00098975
537,634,31,17,0.99519843,0.00468067,0.97389245,0.02386398,0.01410403,0.98560727
538,493,55,36,0.99076265,0.00900865,0.99283904,0.00520911,0.99898607,0.00084486
539,2048,57,12,0.02421729,0.97288847,0.00608059,0.99210441,0.01004850,0.98952883
540,329,45,14,0.02650179,0.97125983,0.00795855,0.99107695,0.00190857,0.99786866
541,411,32,14,0.04998352,0.94872087,0.00400727,0.99517280,0.00130807,0.99851483
542,168,80,15,0.99688381,0.00294322,0.99316365,0.00530339,0.99892420,0.00056303
543,407,49,16,0.01142431,0.98648041,0.00173185,0.99670023,0.00195531,0.99774361
544,475,57,4,0.97415960,0.02499052,0.99186456,0.00664167,0.99928999,0.00061417
545,526,46,7,0.99878174,0.00111390,0.99121219,0.00664359,0.99905139,0.00053684
546,351,64,5,0.01528714,0.98260653,0.02713225,0.97141898,0.01229997,0.98712015
547,327,44,4,0.02695166,0.97178179,0.00513164,0.99369627,0.00151780,0.99826247
548,167,17,16,0.00646976,0.99137491,0.00200800,0.99729711,0.00126527,0.99852067
549,406,48,11,0.99146163,0.00837667,0.99555796,0.00345317,0.99852449,0.00105813
550,709,47,18,0.99855596,0.00136546,0.99530560,0.00370626,0.99931359,0.00049759
551,623,41,4,0.88199931,0.11732319,0.98953712,0.00910744,0.99380797,0.00577774
552,463,34,34,0.98737514,0.01245588,0.99729067,0.00204661,0.99875307,0.00114526
553,558,19,8,0.09011196,0.90639013,0.41929808,0.57757884,0.73880666,0.26055053
554,1376,41,50,0.99651587,0.00312301,0.99723405,0.00202343,0.99946815,0.00031911
555,718,60,7,0.36408335,0.63438243,0.03797696,0.95987362,0.01048422,0.98913085
556,556,27,10,0.88646609,0.11241238,0.99497104,0.00391717,0.99916613,0.00070201
557,925,49,12,0.01316569,0.98573917,0.00512197,0.99391371,0.00225800,0.99739659
558,168,19,4,0.01153415,0.98740989,0.00728313,0.99189645,0.00144933,0.99834239
559,312,75,7,0.01337348,0.98516524,0.00837940,0.99013865,0.00231836,0.99738115
560,768,27,51,0.99725050,0.00257469,0.99394256,0.00459595,0.99956948,0.00024974
561,440,36,32,0.02291527,0.97415030,0.00266991,0.99675745,0.00166791,0.99803132
562,364,47,4,0.01752449,0.98097587,0.00966304,0.98887223,0.00168793,0.99809009
563,96,36,9,0.01006610,0.98821610,0.00184677,0.99698120,0.00153581,0.99815011
564,268,52,7,0.00548428,0.99319857,0.00417265,0.99407059,0.00178702,0.99798054
565,455,130,14,0.02802362,0.96971560,0.00985679,0.98906296,0.00330205,0.99641246
566,769,43,20,0.99585068,0.00403390,0.99491596,0.00314380,0.99843889,0.00117963
567,307,39,10,0.99959975,0.00033676,0.99823159,0.00125740,0.99948311,0.00035270
568,1605,35,53,0.99743670,0.00240742,0.99443805,0.00431248,0.99908817,0.00063325
569,920,66,15,0.99788958,0.00202028,0.99695802,0.00218609,0.99945277,0.00045806
570,799,52,11,0.99890554,0.00101174,0.99864429,0.00091206,0.99948430,0.00041348
571,195,14,12,0.99900860,0.00093718,0.99865651,0.00077673,0.99948311,0.00038576
572,630,14,11,0.01880649,0.97949380,0.01774570,0.98120600,0.00140317,0.99847800
573,400,55,9,0.01770211,0.98148030,0.00239289,0.99687564,0.00173921,0.99799877
574,320,40,10,0.99853659,0.00136546,0.99840921,0.00098732,0.99952304,0.00040024
575,631,50,60,0.99838078,0.00147768,0.99458534,0.00422448,0.99939048,0.00050519
576,439,84,5,0.02515702,0.97317874,0.00721560,0.99038482,0.00318878,0.99632448
577,312,43,24,0.99818039,0.00167386,0.99824905,0.00123719,0.99957424,0.00035371
578,147,48,4,0.99856228,0.00133189,0.99936324,0.00027193,0.99945980,0.00044705
579,303,40,11,0.01079342,0.98827249,0.00339497,0.99505556,0.00206702,0.99754095
580,626,77,11,0.99923205,0.00070581,0.99808723,0.00126845,0.99960607,0.00030755
581,149,73,11,0.01814385,0.97956342,0.01721514,0.98126501,0.00208835,0.99758041
582,407,41,33,0.01487321,0.98379785,0.00273167,0.99605715,0.00146950,0.99830496
583,850,106,7,0.99418962,0.00563089,0.99564976,0.00323953,0.99931872,0.00055392
584,702,71,2,0.08124950,0.91609836,0.43034047,0.55663043,0.00401648,0.99559021
585,160,37,5,0.01079853,0.98758334,0.00132260,0.99745971,0.01324335,0.98614430
586,445,49,12,0.01391019,0.98477757,0.00267722,0.99651968,0.00390688,0.99555320
587,524,17,6,0.00713411,0.99116921,0.00221964,0.99712890,0.00137109,0.99844235
588,369,53,6,0.06588462,0.93239659,0.06495615,0.93147689,0.00199434,0.99778867
589,311,27,8,0.99942821,0.00051070,0.99897063,0.00062320,0.99960142,0.00027833
590,268,38,12,0.99881977,0.00106945,0.99938333,0.00028741,0.99956757,0.00034060
591,166,30,7,0.01009955,0.98832011,0.00178216,0.99697053,0.00144912,0.99818605
592,131,34,64,0.99922299,0.00072654,0.99779058,0.00161196,0.99967849,0.00025658
593,220,75,4,0.25710741,0.74119002,0.99412823,0.00512109,0.07879603,0.92008549
594,606,37,11,0.99827635,0.00153954,0.99829978,0.00106206,0.99954057,0.00032670
595,135,26,10,0.03229415,0.95980024,0.00295183,0.99625540,0.00132587,0.99840707
596,978,53,18,0.01407603,0.98441166,0.00340852,0.99504954,0.00203494,0.99773103
597,297,24,30,0.99938202,0.00056811,0.99899560,0.00061111,0.99965203,0.00023278
598,637,39,14,0.03794976,0.95997036,0.35304612,0.64371198,0.93454641,0.06523297
599,283,31,16,0.01566607,0.98255646,0.02185354,0.97712880,0.00209947,0.99757868
600,1777,24,7,0.01821976,0.97893196,0.00913200,0.99007457,0.00186828,0.99789977
601,1216,33,4,0.04466105,0.95438838,0.00782364,0.99083406,0.00218777,0.99757582
602,510,81,11,0.99805260,0.00187009,0.99508673,0.00382101,0.96030116,0.03911335
603,1128,47,5,0.13840196,0.85994643,0.02361053,0.97490972,0.00778478,0.99191028
604,249,57,7,0.01054897,0.98741621,0.01065236,0.98757577,0.00257506,0.99702543
605,299,18,4,0.71338314,0.28586322,0.95717186,0.03790833,0.99933904,0.00054733
606,505,59,18,0.98597646,0.01385455,0.99602205,0.00325001,0.99944121,0.00049625
607,783,60,61,0.99775970,0.00215852,0.99131340,0.00669608,0.99952579,0.00039724
608,342,32,6,0.02471291,0.97362059,0.00269819,0.99662387,0.00184908,0.99785149
609,374,24,6,0.99943429,0.00049324,0.99938273,0.00027290,0.99961382,0.00030741
610,103,35,11,0.21723358,0.78040922,0.00103733,0.99796569,0.00252666,0.99692911
611,861,34,5,0.05149122,0.94613951,0.29363385,0.70198947,0.02774820,0.97167563
612,604,22,11,0.99523878,0.00460238,0.99684429,0.00233319,0.99923801,0.00068707
613,136,26,17,0.99890053,0.00102147,0.99927860,0.00039850,0.99952888,0.00039980
614,486,86,11,0.20773877,0.79025000,0.11332292,0.88135284,0.02423079,0.97548759
615,348,67,86,0.99918002,0.00075825,0.99803203,0.00140814,0.99961025,0.00024147
616,194,57,11,0.01365298,0.98442310,0.00404217,0.99491018,0.00168059,0.99796283
617,256,35,4,0.95774251,0.04144057,0.99356586,0.00559491,0.99953461,0.00039873
618,357,67,23,0.02011750,0.97772688,0.00575268,0.99269849,0.00203014,0.99775797
619,736,35,43,0.98284388,0.01692393,0.99384004,0.00470628,0.99926752,0.00059501
620,1003,28,16,0.01141627,0.98698270,0.00448328,0.99452835,0.00139535,0.99840826
621,195,35,40,0.99713874,0.00267760,0.99860829,0.00095532,0.99964726,0.00027207
622,1276,43,11,0.99669290,0.00316537,0.99886239,0.00080068,0.99952638,0.00037965
623,661,20,39,0.99732816,0.00252650,0.99356741,0.00481407,0.99939656,0.00037421
624,997,26,31,0.99707758,0.00276546,0.99746835,0.00200515,0.99946088,0.00047231
625,410,37,4,0.02002169,0.97865009,0.00244033,0.99637848,0.00145116,0.99837923
626,466,47,11,0.99938357,0.00057126,0.99942505,0.00027365,0.99945515,0.00039028
627,223,25,5,0.00774198,0.99025059,0.01027452,0.98651552,0.00167258,0.99797827
628,1591,102,15,0.99498922,0.00479052,0.99729127,0.00213064,0.99942303,0.00045646
629,181,26,9,0.02859191,0.96793371,0.00855600,0.98988402,0.00793231,0.99171537
630,167,46,6,0.04393636,0.95291328,0.00170218,0.99711561,0.00536343,0.99434078
631,104,35,4,0.99149668,0.00833713,0.99085033,0.00601171,0.99920350,0.00065590
632,492,51,23,0.02515742,0.97236419,0.00241097,0.99673861,0.01024660,0.98928541
633,257,35,12,0.03598963,0.95991522,0.00194952,0.99720383,0.00947024,0.99016809
634,344,37,278,0.97962648,0.01980595,0.98311549,0.01451960,0.99719691,0.00247064
635,257,71,11,0.02926356,0.96857911,0.00279885,0.99615884,0.01456526,0.98490566
636,147,30,12,0.05236639,0.94539797,0.85119307,0.14348975,0.05078308,0.94786519
637,1287,52,5,0.22801104,0.76942807,0.02405451,0.97187668,0.04100385,0.95794058
638,328,34,7,0.03314501,0.96355891,0.01023393,0.98749334,0.01076771,0.98875529
639,314,22,19,0.99630451,0.00351358,0.96527326,0.03228671,0.99621117,0.00288069
640,84,21,37,0.99970251,0.00025017,0.99170858,0.00722753,0.99929750,0.00041016
641,208,38,31,0.02317878,0.97367257,0.00840143,0.99029607,0.01149529,0.98802096
642,717,65,6,0.09707400,0.89965183,0.00389178,0.99457151,0.01527930,0.98424941
643,477,40,8,0.99905795,0.00088849,0.99924845,0.00024154,0.99974114,0.00019147
644,822,18,14,0.99665713,0.00311797,0.99872237,0.00067642,0.99954706,0.00039950
645,606,34,56,0.99814963,0.00174047,0.99835181,0.00112635,0.99965680,0.00029250
646,300,32,5,0.04673436,0.94987714,0.02102999,0.97216570,0.00764170,0.99188507
647,205,37,15,0.06150027,0.93456525,0.00279556,0.99590802,0.01159185,0.98782247
648,603,32,9,0.02571224,0.97225779,0.02967464,0.96699029,0.01362948,0.98584962
649,2048,67,67,0.99002200,0.00926772,0.99655175,0.00282100,0.99962997,0.00027223
650,851,36,21,0.99736387,0.00248098,0.99693704,0.00195535,0.99961507,0.00030219
651,832,71,9,0.04241590,0.95493335,0.00717401,0.99067807,0.01306740,0.98653167
652,196,56,4,0.03458245,0.96099335,0.00637616,0.99086493,0.01027542,0.98889625
653,334,11,69,0.98998392,0.00966704,0.99608999,0.00297362,0.99822646,0.00107335
654,250,40,5,0.10364996,0.89327252,0.00201719,0.99676573,0.00800581,0.99161857
655,236,38,8,0.04385916,0.95210814,0.00832302,0.98958534,0.00781323,0.99187124
656,1210,68,18,0.03553061,0.96105677,0.00848754,0.98812443,0.01163133,0.98788536
657,127,21,7,0.98909891,0.01065070,0.96084332,0.03703926,0.86969900,0.09193985
658,661,51,5,0.06709991,0.92978978,0.01373578,0.98483652,0.01938080,0.97989780
659,109,38,4,0.92917895,0.05483697,0.87915725,0.08835624,0.17590603,0.81489950
660,432,47,4,0.98509789,0.01367775,0.93745744,0.04018022,0.99889803,0.00091876
661,385,36,24,0.94238722,0.05620242,0.99548399,0.00353947,0.99479783,0.00472790
662,295,66,12,0.60715830,0.38915023,0.96012682,0.03804706,0.72242445,0.27255413
663,550,61,15,0.98595130,0.01366576,0.97282976,0.02228329,0.99887186,0.00057545
664,239,20,71,0.99899334,0.00087694,0.99897850,0.00059688,0.99941468,0.00034897
665,188,37,44,0.99853921,0.00129468,0.99883658,0.00084945,0.99978203,0.00016986
666,615,44,4,0.02761664,0.97080261,0.01014817,0.98658437,0.01066073,0.98891300
667,276,34,9,0.99911195,0.00077702,0.99930179,0.00025663,0.99883074,0.00040415
668,377,51,1,0.99675119,0.00299606,0.71355635,0.27080119,0.99924552,0.00048296
669,430,48,142,0.99815041,0.00168606,0.98856390,0.00884257,0.99949348,0.00042428
670,424,48,4,0.99725538,0.00245622,0.99925917,0.00037777,0.99968815,0.00025380
671,118,39,6,0.99745840,0.00238521,0.95806473,0.04055489,0.99830723,0.00091027
672,1389,59,111,0.99617285,0.00369813,0.96548837,0.03144618,0.99950838,0.00043425
673,840,45,12,0.04194701,0.95608091,0.00265757,0.99567336,0.00639138,0.99337536
674,547,46,6,0.05895510,0.93590695,0.00546552,0.99011725,0.00700146,0.99266583
675,348,27,9,0.04247202,0.95462048,0.00218989,0.99566215,0.00843359,0.99110037
676,215,36,5,0.13401014,0.86249495,0.02861642,0.96571845,0.97217822,0.02684561
677,312,54,12,0.02424048,0.97343045,0.00249094,0.99604934,0.00658431,0.99313664
678,883,63,5,0.49154490,0.50172043,0.01286791,0.98529100,0.02375641,0.97565460
679,290,64,12,0.02222650,0.97591418,0.00104028,0.99785322,0.00529938,0.99445611
680,1047,34,8,0.02345429,0.97386861,0.00325836,0.99486500,0.01454960,0.98495114
681,220,53,16,0.01334860,0.98268604,0.00203996,0.99619699,0.00841328,0.99118161
682,739,61,44,0.99653780,0.00315715,0.99448884,0.00396621,0.99966288,0.00027601
683,176,13,16,0.07906664,0.91768497,0.00208995,0.99681866,0.00778699,0.99177974
684,244,17,57,0.99894458,0.00094839,0.99894208,0.00069638,0.99969947,0.00020337
685,743,41,19,0.99767905,0.00207769,0.99725658,0.00225245,0.99924040,0.00053359
686,1278,31,60,0.99857891,0.00127602,0.99747050,0.00177800,0.99952984,0.00040335
687,1521,27,114,0.99636579,0.00339819,0.98583162,0.01198116,0.99946600,0.00045146
688,117,39,10,0.11958096,0.87627274,0.00117255,0.99778593,0.01055590,0.98880464
689,318,26,12,0.99390775,0.00580776,0.99767202,0.00111425,0.99853873,0.00081957
690,490,66,28,0.99894530,0.00097949,0.99670130,0.00223090,0.99964917,0.00025654
691,212,39,1,0.03021381,0.96606731,0.02536871,0.97023565,0.01577978,0.98345816
692,140,46,9,0.99948347,0.00043457,0.99848062,0.00113272,0.99948186,0.00035300
693,306,75,3,0.02668244,0.97068316,0.00512008,0.99223834,0.00792114,0.99176520
694,502,42,11,0.06874728,0.92889333,0.00159678,0.99691415,0.01241220,0.98711812
695,550,32,15,0.02012227,0.97761989,0.00267386,0.99592197,0.01178111,0.98774207
696,800,44,53,0.99801898,0.00187980,0.99907744,0.00061662,0.99969161,0.00023246
697,435,65,5,0.31774473,0.67899561,0.95248264,0.04044416,0.98418450,0.01533132
698,100,37,315,0.99903393,0.00089178,0.99698228,0.00226892,0.99869210,0.00072228
699,263,26,6,0.05039525,0.94735259,0.02326677,0.97503066,0.00891025,0.99065489
700,435,45,54,0.99743658,0.00227234,0.98858845,0.01046035,0.99962771,0.00029294
701,909,36,3,0.95272368,0.04671521,0.01220058,0.98574615,0.00704148,0.99269134
702,445,34,11,0.02831115,0.97034955,0.00216360,0.99670178,0.00580361,0.99394566
703,259,44,4,0.98511446,0.01398122,0.99911171,0.00045882,0.99927539,0.00053359
704,1672,32,35,0.98869193,0.01071374,0.99742067,0.00208311,0.99621993,0.00302407
705,239,51,11,0.97497833,0.02434871,0.96225023,0.03626996,0.97243291,0.02630402
706,274,35,6,0.01722897,0.98100370,0.00129661,0.99707556,0.00392080,0.99583203
707,607,49,4,0.09920929,0.89812011,0.00361116,0.99436283,0.01441664,0.98493385
708,708,55,63,0.99762636,0.00212086,0.99828196,0.00111275,0.99826568,0.00094501
709,182,31,4,0.98958707,0.00985580,0.99752229,0.00143830,0.99874914,0.00070876
710,193,57,9,0.04570442,0.95141596,0.04588220,0.95022690,0.01094890,0.98852289
711,901,76,136,0.99717760,0.00266761,0.99658209,0.00204051,0.99962330,0.00029554
712,178,43,14,0.02063045,0.97713268,0.00275825,0.99619615,0.00938318,0.99010497
713,153,17,17,0.97416210,0.02544285,0.31147903,0.68564594,0.11423557,0.88341981
714,975,94,5,0.05721663,0.93982863,0.01845032,0.97699475,0.02551907,0.97380167
715,1041,39,14,0.99682510,0.00297512,0.99442011,0.00453869,0.99946719,0.00044364
716,650,24,4,0.05332695,0.94411445,0.00534965,0.99307293,0.01463842,0.98487246
717,333,39,2,0.50562209,0.49064648,0.92589474,0.06879259,0.10968294,0.88899636
718,843,50,84,0.99539942,0.00439106,0.99546897,0.00305368,0.99955112,0.00026738
719,774,57,56,0.99504459,0.00449977,0.99106604,0.00602112,0.99917406,0.00062267
720,731,30,9,0.02326075,0.97472727,0.00124294,0.99774915,0.00647306,0.99320328
721,890,43,9,0.98265749,0.01694255,0.98680425,0.01044422,0.99843246,0.00125220
722,2048,29,17,0.99824691,0.00162252,0.99933892,0.00041159,0.99949634,0.00033004
723,368,42,29,0.99897504,0.00097677,0.99655628,0.00250179,0.99973637,0.00017108
724,331,63,6,0.01593776,0.98169863,0.00179755,0.99655849,0.00455048,0.99523419
725,945,106,20,0.04066765,0.95639920,0.00417170,0.99385566,0.01946775,0.98005486
726,633,51,9,0.05369345,0.94184041,0.00300046,0.99514979,0.01268665,0.98683375
727,127,17,34,0.99954623,0.00041775,0.99945587,0.00035493,0.99934644,0.00049449
728,448,31,8,0.03850710,0.95878267,0.00260164,0.99506640,0.00716658,0.99249941
729,111,24,14,0.02942891,0.96652311,0.01746430,0.98031038,0.01208458,0.98722643
730,1033,105,10,0.03838746,0.95826906,0.00767051,0.98884881,0.02194746,0.97732121
731,1689,84,5,0.98108965,0.01825317,0.95276308,0.04237482,0.99783534,0.00178484
732,229,50,9,0.09601358,0.90000939,0.00390635,0.99482381,0.00821527,0.99134821
733,151,44,10,0.97596937,0.02363941,0.94253761,0.05421789,0.99660671,0.00218719
734,407,65,10,0.00874903,0.98995435,0.00387110,0.99521267,0.00201108,0.99782890
735,642,56,43,0.01864865,0.97993052,0.01048218,0.98818821,0.00342194,0.99642771
736,1455,38,67,0.99648774,0.00335055,0.99745232,0.00180551,0.99969602,0.00023255
737,508,30,15,0.00972697,0.98893064,0.00414400,0.99470925,0.00484472,0.99481899
738,290,47,4,0.99944097,0.00050483,0.97025532,0.02740540,0.99931145,0.00055488
739,228,40,6,0.40497866,0.59163022,0.15541847,0.84256947,0.96350133,0.03426885
740,87,25,21,0.43517938,0.56324798,0.87996399,0.11677312,0.01663655,0.98105848
741,1298,48,11,0.49363101,0.50253856,0.01324729,0.98425424,0.81418049,0.18120463
742,248,33,12,0.99813217,0.00176639,0.98547494,0.01362478,0.99965215,0.00026239
743,1209,47,41,0.03820692,0.95903122,0.00810353,0.99056083,0.00290880,0.99693429
744,178,62,12,0.02230182,0.97520250,0.02574490,0.97229677,0.00600726,0.99343950
745,408,57,11,0.03966180,0.95778131,0.01721617,0.97985590,0.01157995,0.98788041
746,856,48,8,0.01017341,0.98796022,0.00288940,0.99601257,0.00270118,0.99701959
747,576,89,107,0.99883610,0.00102523,0.99323010,0.00506580,0.99952006,0.00035041
748,221,54,4,0.03091162,0.96610463,0.13854465,0.85280615,0.10953238,0.88775796
749,655,70,12,0.99592626,0.00379448,0.99403787,0.00480485,0.99925226,0.00046279
750,306,39,15,0.02533357,0.97166324,0.00469352,0.99361491,0.00525240,0.99433845
751,784,35,96,0.99783629,0.00199978,0.99281597,0.00643248,0.99928778,0.00062283
752,170,71,11,0.04310568,0.95131391,0.00393071,0.99496585,0.00302366,0.99657416
753,694,33,2,0.54539233,0.45027092,0.06214570,0.93342370,0.01963827,0.97955966
754,990,33,7,0.35750267,0.64039910,0.89937693,0.09660659,0.99946374,0.00036234
755,549,38,28,0.99889141,0.00100062,0.99145436,0.00697709,0.99979562,0.00012789
756,768,45,4,0.06051056,0.93516088,0.16858618,0.82447797,0.00672305,0.99298865
757,746,33,67,0.91877079,0.07944541,0.99487102,0.00440371,0.99936026,0.00053165
758,554,24,42,0.99905664,0.00083136,0.99337775,0.00523006,0.99973148,0.00016541
759,717,35,22,0.01239765,0.98638737,0.00814072,0.99037457,0.00224564,0.99759477
760,136,25,4,0.99911457,0.00075385,0.99907100,0.00067492,0.99953079,0.00035342
761,937,57,12,0.99646616,0.00328304,0.98198122,0.01634150,0.99960285,0.00030366
762,135,26,16,0.98995787,0.00977347,0.99278259,0.00630778,0.99961275,0.00028932
763,102,56,12,0.02565657,0.97209227,0.03110116,0.96690381,0.00422338,0.99540496
764,189,46,23,0.99922335,0.00070037,0.99677974,0.00256794,0.99967825,0.00018365
765,170,53,11,0.02214359,0.97504413,0.01709693,0.98127329,0.00934118,0.98999912
766,473,29,11,0.01122056,0.98688412,0.01438483,0.98327810,0.00438983,0.99529040
767,170,50,14,0.99973089,0.00024139,0.99891961,0.00076841,0.99974173,0.00015470
768,362,72,4,0.03100326,0.96738964,0.03572497,0.96125126,0.01034483,0.98939961
769,401,50,27,0.99888319,0.00095510,0.99911290,0.00061723,0.99981087,0.00012512
770,439,61,2,0.00619825,0.99211287,0.02072569,0.97519660,0.00307378,0.99668366
771,275,49,4,0.01338460,0.98423094,0.05649807,0.93827868,0.00283233,0.99681723
772,335,43,4,0.99921036,0.00070791,0.99933988,0.00034176,0.99957031,0.00033236
773,208,14,9,0.99955112,0.00035035,0.99739349,0.00182905,0.99955410,0.00028466
774,670,42,22,0.99931073,0.00060878,0.99817562,0.00123484,0.99974960,0.00017572
775,1940,167,10,0.97175926,0.02773562,0.93488675,0.05871853,0.99437392,0.00525398
776,560,30,7,0.98674357,0.01292567,0.97865582,0.01939389,0.99913919,0.00066990
777,458,78,10,0.01124497,0.98760903,0.00428811,0.99375027,0.00506345,0.99446315
778,384,45,47,0.99882931,0.00108511,0.99136132,0.00746230,0.99933499,0.00059891
779,366,13,6,0.99355352,0.00617534,0.99235314,0.00686170,0.99961048,0.00028860
780,459,66,22,0.11973530,0.87792504,0.01259483,0.98597240,0.01200137,0.98705482
781,567,30,11,0.06538395,0.93286222,0.00761382,0.99128425,0.00200549,0.99786276
782,223,38,23,0.99775761,0.00207077,0.98950446,0.00879416,0.99661249,0.00310862
783,1472,49,7,0.99658453,0.00320314,0.99683350,0.00241767,0.99974769,0.00018512
784,322,33,32,0.99978882,0.00018295,0.99872535,0.00098003,0.99955863,0.00039064
785,572,31,9,0.00992459,0.98762995,0.00540713,0.99218577,0.00280288,0.99691147
786,1007,17,14,0.01541486,0.98281348,0.00817709,0.99079269,0.00259705,0.99728203
787,544,50,16,0.01223924,0.98598182,0.01247062,0.98289353,0.00344260,0.99633360
788,402,39,47,0.99894065,0.00095245,0.99800283,0.00154155,0.99950886,0.00041338
789,187,45,22,0.00869207,0.99002588,0.00707760,0.99180365,0.00632731,0.99326444
790,592,41,11,0.99913931,0.00080117,0.99950802,0.00024631,0.99975020,0.00016334
791,164,80,1,0.01508499,0.98242283,0.07160200,0.92454606,0.00439976,0.99504060
792,169,39,8,0.01299210,0.98473942,0.00489805,0.99379563,0.00810975,0.99116766
793,1286,58,5,0.91625875,0.08269209,0.01511756,0.98222244,0.99854338,0.00123703
794,625,37,17,0.02220444,0.97584003,0.14415558,0.85246652,0.01407066,0.98553813
795,1064,17,97,0.99763680,0.00227178,0.97416884,0.02384759,0.99899334,0.00089572
796,682,79,46,0.99912983,0.00078284,0.96427697,0.03371112,0.99956495,0.00036978
797,328,42,13,0.99915993,0.00076221,0.98516500,0.01261393,0.99945968,0.00038728
798,690,34,11,0.01355097,0.98492545,0.02167307,0.97689033,0.00202220,0.99782312
799,1045,53,8,0.99869990,0.00117097,0.98668951,0.01065076,0.99962187,0.00021855
800,621,64,11,0.99929094,0.00061735,0.99942362,0.00035049,0.99969423,0.00020562
801,387,29,18,0.00811824,0.99044001,0.00546988,0.99344653,0.00201716,0.99782002
802,531,91,34,0.99674356,0.00311353,0.95745534,0.04004720,0.99811792,0.00150959
803,590,48,51,0.99706656,0.00250470,0.97845888,0.01933381,0.99622536,0.00309463
804,438,26,11,0.00918940,0.98913306,0.00308263,0.99572635,0.00242350,0.99737632
805,219,29,8,0.99865258,0.00117537,0.99754310,0.00196413,0.99972171,0.00020254
806,349,23,59,0.88404161,0.11504083,0.91180581,0.08479874,0.00998805,0.98973304
807,502,64,65,0.99907410,0.00083061,0.99858946,0.00100254,0.99969196,0.00023961
808,228,55,10,0.05257885,0.94549668,0.00614757,0.99199599,0.01002661,0.98944223
809,214,48,47,0.99929512,0.00056618,0.99939537,0.00038704,0.99966753,0.00023109
810,563,70,6,0.06888251,0.92920828,0.00946386,0.98857969,0.92909032,0.06978156
811,356,28,17,0.01206201,0.98648340,0.00218201,0.99665087,0.00250677,0.99727875
812,87,90,8,0.03209184,0.96325034,0.31255117,0.68226790,0.05552095,0.94312233
813,2048,60,30,0.03427359,0.96439117,0.00849356,0.98969346,0.00407913,0.99572939
814,1370,88,5,0.01517608,0.98319834,0.00624663,0.99188542,0.00614810,0.99341220
815,664,37,106,0.99427694,0.00543706,0.99887663,0.00073151,0.99915838,0.00077266
816,115,36,47,0.99932611,0.00056281,0.99855477,0.00092886,0.99950051,0.00017806
817,695,26,5,0.02563786,0.97079593,0.00439463,0.99398524,0.00312539,0.99665159
818,373,33,11,0.99914837,0.00073171,0.99927670,0.00050998,0.99971753,0.00023605
819,358,51,8,0.01649248,0.98159558,0.00572282,0.99335265,0.00266252,0.99712545
820,251,70,16,0.02173024,0.97525716,0.00317186,0.99578309,0.00350943,0.99615210
821,558,25,28,0.02571708,0.97197950,0.00233937,0.99672556,0.00191265,0.99791020
822,218,35,5,0.88282400,0.11604657,0.96695399,0.03239319,0.99917418,0.00070147
823,1169,79,2,0.03655025,0.96114653,0.09769293,0.89502877,0.00900832,0.99031430
824,88,53,12,0.99959487,0.00032567,0.99911839,0.00063012,0.99962151,0.00024939
825,673,26,12,0.00732070,0.99095410,0.00399438,0.99502385,0.00184750,0.99796677
826,493,25,49,0.99922466,0.00068785,0.99863130,0.00094948,0.99975795,0.00019061
827,653,49,26,0.14108749,0.85560435,0.00232196,0.99665135,0.00578819,0.99367249
828,138,42,121,0.99748433,0.00210096,0.99204397,0.00701938,0.96667475,0.03134591
829,188,25,50,0.99981421,0.00012386,0.99899811,0.00080907,0.99971086,0.00024584
830,173,17,16,0.04739413,0.95077157,0.00502508,0.99327797,0.00318439,0.99638271
831,922,40,11,0.00782619,0.99091995,0.00410197,0.99457479,0.00213473,0.99773079
832,410,21,7,0.00967724,0.98770535,0.00621663,0.99209774,0.00175479,0.99797767
833,237,34,34,0.99937159,0.00051810,0.99906331,0.00064680,0.99971956,0.00021962
834,666,65,17,0.99754322,0.00229937,0.98398709,0.01366086,0.99958605,0.00033678
835,460,51,14,0.99793768,0.00188365,0.99806744,0.00138796,0.99946541,0.00034431
836,150,48,6,0.02203892,0.97548705,0.00144969,0.99782503,0.00180158,0.99798524
837,155,44,8,0.01951830,0.97792768,0.01826449,0.97957981,0.00484529,0.99469167
838,484,41,31,0.01122106,0.98731005,0.00878765,0.98940629,0.00347867,0.99612063
839,191,78,4,0.47426942,0.52191204,0.00931179,0.98919696,0.01593695,0.98318130
840,534,47,6,0.53510231,0.46186620,0.03503342,0.96138531,0.02902573,0.97027761
841,412,61,4,0.99349737,0.00621175,0.97550720,0.02190269,0.97702593,0.02241068
842,962,76,3,0.05262316,0.94429356,0.01055770,0.98720759,0.01588640,0.98374975
843,547,31,14,0.01163928,0.98674750,0.00573330,0.99298662,0.01309467,0.98640960
844,520,38,12,0.99682331,0.00302960,0.99443734,0.00478701,0.99892968,0.00097349
845,2048,31,30,0.99688894,0.00287961,0.99676079,0.00264555,0.99895871,0.00094954
846,438,40,12,0.99931240,0.00062157,0.99885046,0.00087402,0.99886972,0.00105089
847,236,24,8,0.00866446,0.98920000,0.00549055,0.99287122,0.00807185,0.99135500
848,149,74,6,0.01440906,0.98331660,0.00353217,0.99565387,0.01070618,0.98863435
849,468,46,4,0.01251160,0.98500293,0.00819815,0.99066508,0.01644734,0.98278576
850,1513,35,5,0.02084828,0.97679067,0.01014026,0.98790562,0.01099909,0.98868412
851,384,78,38,0.99956602,0.00034815,0.99875498,0.00074249,0.99940729,0.00050828
852,1031,52,1,0.99030495,0.00940601,0.99492270,0.00366565,0.99739093,0.00245565
853,810,51,5,0.00911892,0.98882115,0.00771142,0.98959655,0.01206657,0.98754323
854,943,34,12,0.14877200,0.84882224,0.33022830,0.66619879,0.01846581,0.98100775
855,443,56,9,0.01420025,0.98448193,0.01177879,0.98717403,0.00963726,0.98996514
856,221,26,5,0.99779832,0.00203157,0.98948282,0.00988914,0.99917644,0.00072434
857,145,44,9,0.99120444,0.00757280,0.95603371,0.03154517,0.98813021,0.00897636
858,178,51,9,0.00632590,0.99166769,0.00277824,0.99510479,0.00862507,0.99055076
859,192,50,8,0.04363462,0.94721198,0.00608318,0.99237967,0.01111896,0.98839998
860,583,21,5,0.78128475,0.21679430,0.85030055,0.14624026,0.99769944,0.00212483
861,119,53,4,0.02827756,0.96885008,0.67979437,0.31624696,0.01122468,0.98789513
862,1205,51,93,0.99108797,0.00872552,0.97283113,0.02226153,0.99848586,0.00134926
863,198,13,8,0.99966633,0.00028471,0.99521059,0.00327780,0.99921095,0.00060534
864,462,62,67,0.99839681,0.00145870,0.99784625,0.00151765,0.99910706,0.00074496
865,734,50,28,0.03187632,0.96532691,0.01264065,0.98500443,0.01056623,0.98907346
866,206,32,37,0.99928051,0.00063948,0.99714124,0.00229322,0.99863237,0.00103914
867,338,63,6,0.01632464,0.98128420,0.00485535,0.99379939,0.01256445,0.98678851
868,239,62,12,0.99303305,0.00651536,0.98316133,0.01420377,0.99699116,0.00276036
869,191,55,16,0.11056688,0.88333637,0.13779724,0.85089535,0.07329313,0.92226958
870,249,49,54,0.99892408,0.00091188,0.99827313,0.00112226,0.99867958,0.00101944
871,973,49,4,0.02699587,0.96895146,0.00350496,0.99453706,0.00876771,0.99074781
872,355,29,6,0.00508860,0.99281377,0.00311367,0.99514776,0.00836196,0.99125457
873,236,40,20,0.52153540,0.47583556,0.50099152,0.49709791,0.99263680,0.00616784
874,320,91,8,0.97629982,0.02300204,0.97849756,0.01951537,0.98296088,0.01552648
875,167,26,45,0.99804664,0.00183380,0.99598593,0.00326860,0.99810421,0.00160623
876,555,42,17,0.91692275,0.08235661,0.96909672,0.02957299,0.98884416,0.01068225
877,397,30,10,0.03220841,0.96607292,0.00444751,0.99388099,0.01475605,0.98465675
878,322,48,65,0.98779756,0.01187869,0.99485010,0.00417340,0.99764448,0.00217918
879,633,49,12,0.01272886,0.98327315,0.00656079,0.99111980,0.01543645,0.98407090
880,367,40,25,0.99549747,0.00435527,0.99782652,0.00157498,0.99781811,0.00210435
881,890,62,6,0.12097155,0.87560642,0.00463506,0.99321073,0.00977108,0.98979938
882,210,31,39,0.99936515,0.00055092,0.99737012,0.00187059,0.99890888,0.00083855
883,280,62,11,0.04228709,0.95428467,0.00332610,0.99528521,0.00926709,0.99011421
884,281,41,11,0.01758596,0.98018736,0.00381748,0.99481899,0.00637053,0.99329787
885,644,43,15,0.93706626,0.06251478,0.98624182,0.01204699,0.99710172,0.00266424
886,370,48,6,0.00924747,0.98838568,0.05473773,0.94398546,0.02317161,0.97620755
887,121,18,9,0.96604353,0.03332293,0.98576236,0.01156493,0.96664453,0.01760949
888,159,44,19,0.01927455,0.97915250,0.00401577,0.99463922,0.00602445,0.99359131
889,633,27,32,0.16402332,0.83370382,0.27113795,0.72673804,0.01410792,0.98532873
890,522,40,11,0.99939728,0.00045842,0.99921072,0.00046127,0.99889696,0.00093741
891,95,57,11,0.99819475,0.00172544,0.91519749,0.08260505,0.99646652,0.00324918
892,511,22,8,0.04952992,0.94680732,0.00758573,0.99006516,0.00853925,0.99110085
893,76,55,10,0.99903524,0.00085908,0.99911553,0.00066730,0.99855775,0.00130572
894,1578,81,11,0.89190215,0.10634131,0.96412414,0.03282841,0.68450731,0.31317440
895,1359,49,12,0.62189198,0.36943385,0.03345526,0.96091616,0.01407104,0.98517901
896,203,40,10,0.99807227,0.00167410,0.98052257,0.01828612,0.99737763,0.00233670
897,874,40,20,0.99763238,0.00220855,0.99552685,0.00352683,0.99915087,0.00074710
898,829,23,87,0.99516344,0.00460651,0.99640048,0.00251366,0.99893874,0.00093813
899,2048,87,500,0.99216437,0.00763660,0.95442700,0.04022768,0.98950225,0.01029499
900,598,40,10,0.99880910,0.00103237,0.99726629,0.00220370,0.99910933,0.00069218
901,283,15,44,0.99681854,0.00297376,0.99224162,0.00614726,0.99664932,0.00235747
902,192,39,27,0.99955422,0.00041345,0.99883121,0.00087670,0.99937809,0.00050349
903,902,32,4,0.72466230,0.27320001,0.84147322,0.15235625,0.99861228,0.00127768
904,849,56,12,0.01351750,0.98456454,0.00343228,0.99341971,0.01279552,0.98668516
905,390,53,70,0.99848902,0.00138720,0.99458623,0.00450683,0.99885523,0.00100047
906,797,52,53,0.99879199,0.00112720,0.99745649,0.00202699,0.99856037,0.00125906
907,1103,53,7,0.00892434,0.98896956,0.00673375,0.99094135,0.00805104,0.99158925
908,326,60,18,0.01216133,0.98543972,0.08073477,0.89986694,0.01265339,0.98584485
909,248,56,73,0.99656254,0.00318445,0.99247253,0.00637306,0.99782819,0.00204034
910,457,70,64,0.99689877,0.00291534,0.99534178,0.00388705,0.99256223,0.00693745
911,193,32,10,0.00515756,0.99289942,0.00439840,0.99478525,0.00675722,0.99290472
912,192,49,4,0.03993880,0.95517731,0.00986533,0.98851717,0.01422536,0.98510414
913,243,27,9,0.05226765,0.94350588,0.00690874,0.99243814,0.01039550,0.98895323
914,1541,41,13,0.99848503,0.00141901,0.98374939,0.01481326,0.99817479,0.00175022
915,2048,53,18,0.03316759,0.96391743,0.00652161,0.99046725,0.01002790,0.98964649
916,706,28,3,0.01137809,0.98660791,0.00675726,0.99190873,0.01707419,0.98251134
917,665,72,19,0.92062771,0.07865607,0.98283434,0.01606740,0.98619139,0.01346249
918,600,54,13,0.02613832,0.97102618,0.00221497,0.99544746,0.01017382,0.98928833
919,378,49,32,0.99862182,0.00122201,0.99779356,0.00161185,0.99907470,0.00075829
920,359,62,83,0.99932933,0.00056106,0.99751794,0.00166502,0.99907875,0.00076691
921,1041,48,12,0.99867225,0.00123729,0.97223932,0.02580830,0.99871135,0.00114544
922,415,39,12,0.02093028,0.97636151,0.00711312,0.99083966,0.01038146,0.98911637
923,294,37,36,0.99756408,0.00209710,0.99737132,0.00220466,0.99892634,0.00098218
924,388,58,6,0.01477460,0.98338044,0.00940518,0.98939133,0.01225695,0.98712188
925,384,73,116,0.99821413,0.00168141,0.99599373,0.00337247,0.99715197,0.00272180
926,283,14,22,0.99901760,0.00089316,0.98971647,0.00909230,0.99903131,0.00090089
927,536,64,10,0.00800663,0.98920947,0.00149822,0.99672145,0.00804217,0.99155152
928,361,67,9,0.94840544,0.05110837,0.00819340,0.99008304,0.05308250,0.94592196
929,2006,62,12,0.25449163,0.74098891,0.00678365,0.99151623,0.03623910,0.96338260
930,302,54,5,0.10704483,0.89138693,0.01490910,0.98368567,0.02400237,0.97528923
931,1657,37,15,0.99620748,0.00360893,0.99760240,0.00177741,0.99342924,0.00637557
932,1562,74,11,0.92133909,0.07704109,0.00387430,0.99475741,0.99295539,0.00667071
933,237,39,6,0.01517694,0.98344064,0.00455673,0.99437213,0.00969492,0.98972988
934,111,48,65,0.99777764,0.00197087,0.99520892,0.00372871,0.99595177,0.00250252
935,612,51,60,0.99934798,0.00052250,0.99759322,0.00186290,0.99910468,0.00073307
936,203,23,12,0.01560301,0.98191214,0.00433470,0.99405164,0.01114981,0.98825115
937,376,28,6,0.99875820,0.00116541,0.99809796,0.00149030,0.99935609,0.00057155
938,231,49,4,0.98866701,0.01053983,0.99441117,0.00476111,0.99823630,0.00142935
939,960,35,54,0.99784529,0.00199571,0.99918622,0.00048350,0.99937326,0.00053398
940,928,37,122,0.99838638,0.00140936,0.99783081,0.00159669,0.99834371,0.00142539
941,78,34,22,0.00342165,0.99538165,0.00339223,0.99546719,0.00527673,0.99423164
942,206,33,91,0.99948728,0.00046417,0.99389172,0.00515485,0.99934155,0.00058389
943,982,38,49,0.99536359,0.00438339,0.99504745,0.00404707,0.99692923,0.00278177
944,276,77,55,0.99892044,0.00098120,0.99871457,0.00098359,0.99855775,0.00132205
945,2048,36,10,0.10125010,0.89684695,0.00410997,0.99417442,0.01307562,0.98645031
946,276,45,19,0.99798357,0.00179936,0.99926823,0.00046910,0.99827409,0.00126111
947,454,23,17,0.01519141,0.98246831,0.02047732,0.97761989,0.01068128,0.98890531
948,893,54,6,0.01709112,0.98014408,0.00146418,0.99723649,0.00320828,0.99658644
949,525,34,5,0.03651026,0.96067649,0.00363768,0.99561691,0.86008406,0.13748819
950,680,51,1,0.94148946,0.05713170,0.99849617,0.00107883,0.99683642,0.00239750
951,245,65,4,0.00884999,0.98933172,0.00205061,0.99692708,0.00713042,0.99245995
952,514,30,89,0.99883574,0.00108266,0.99859041,0.00112687,0.99848855,0.00113536
953,385,22,119,0.99883229,0.00107552,0.99847454,0.00121897,0.99859792,0.00122422
954,269,39,14,0.66993964,0.32856590,0.97527099,0.02352438,0.95298135,0.04495295
955,314,40,32,0.99715328,0.00271710,0.99842215,0.00119548,0.99773186,0.00216681
956,297,22,9,0.01715200,0.98034728,0.00878252,0.99050784,0.02030287,0.97920585
957,94,50,14,0.01337998,0.98472297,0.00125165,0.99779177,0.00342231,0.99607015
958,1663,25,7,0.00799538,0.99032146,0.00144240,0.99746919,0.00314866,0.99665391
959,1196,81,5,0.03030187,0.96676475,0.00328935,0.99600887,0.01123939,0.98821926
960,423,43,46,0.90428913,0.09415378,0.99180883,0.00753895,0.99699879,0.00272309
961,482,70,1,0.01842522,0.97842604,0.00154779,0.99797159,0.00822361,0.99110109
962,269,74,11,0.02169493,0.97595620,0.00328020,0.99558109,0.00377594,0.99586558
963,545,13,46,0.99495357,0.00492970,0.99279356,0.00640116,0.99640900,0.00343112
964,293,38,18,0.01004346,0.98819089,0.00704466,0.99092484,0.00329786,0.99642378
965,184,40,9,0.99917907,0.00071892,0.99959654,0.00023061,0.99786478,0.00131311
966,165,53,382,0.99550962,0.00415240,0.98586607,0.01260133,0.99251455,0.00666826
967,453,46,12,0.01112786,0.98671687,0.00085660,0.99775070,0.00397766,0.99573851
968,145,45,5,0.00648991,0.98994851,0.00128451,0.99766612,0.00466912,0.99487728
969,274,32,20,0.01257761,0.98383337,0.00221345,0.99692839,0.01006158,0.98933393
970,185,61,23,0.99800509,0.00185773,0.99704021,0.00246052,0.99845862,0.00100837
971,422,15,13,0.00862725,0.98784560,0.00089614,0.99839181,0.00301485,0.99675769
972,885,32,3,0.01834801,0.97838610,0.01015729,0.98675692,0.01089418,0.98870289
973,438,33,21,0.16324671,0.83188987,0.09395074,0.90083861,0.01036013,0.98898625
974,282,54,7,0.21804617,0.77840531,0.00508531,0.99378693,0.56669956,0.43172556
975,225,62,12,0.99901903,0.00091705,0.99841154,0.00120739,0.99798381,0.00155691
976,137,24,42,0.99791902,0.00189372,0.99719858,0.00236082,0.99609995,0.00238202
977,784,38,50,0.99829644,0.00158622,0.99919134,0.00060505,0.99877638,0.00106924
978,231,92,86,0.99743503,0.00216337,0.99862778,0.00101163,0.99678457,0.00176917
979,491,46,73,0.96783584,0.03082501,0.99328655,0.00529766,0.99598855,0.00299199
980,1442,36,15,0.92163777,0.07728948,0.00312037,0.99602592,0.96891439,0.02938187
981,1538,28,49,0.99602771,0.00378603,0.99770373,0.00192781,0.99777240,0.00207105
982,507,44,5,0.07613359,0.91852522,0.00159928,0.99747914,0.00601896,0.99348629
983,129,17,13,0.00621203,0.99106944,0.00261685,0.99690765,0.00342966,0.99629718
984,149,16,6,0.00682574,0.99032873,0.00132868,0.99738866,0.00289920,0.99665415
985,198,49,13,0.99007416,0.00957645,0.15194343,0.84651577,0.96600825,0.03366102
986,450,99,104,0.99876839,0.00110058,0.99781632,0.00157503,0.99807441,0.00146995
987,1290,51,67,0.99697375,0.00272705,0.99789494,0.00157949,0.99706370,0.00280125
988,1153,85,10,0.94868398,0.05076749,0.97773165,0.02106056,0.98775291,0.01185079
989,281,78,9,0.99929368,0.00066428,0.99851078,0.00112369,0.99840611,0.00139932
990,219,63,11,0.00586765,0.99148178,0.00187718,0.99667042,0.00435822,0.99515849
991,433,37,2,0.02896638,0.96604264,0.03999691,0.95822543,0.99124640,0.00814239
992,549,42,67,0.99867588,0.00115674,0.99755669,0.00214606,0.99868947,0.00114736
993,496,55,98,0.99507880,0.00475688,0.95905471,0.03840964,0.99743903,0.00242039
994,815,30,3,0.00976287,0.98642540,0.00137346,0.99747545,0.00882006,0.99083555
995,387,58,8,0.01598937,0.98171103,0.00166397,0.99720180,0.02553274,0.97387141
996,184,34,9,0.01001797,0.98791903,0.00111644,0.99779874,0.00475600,0.99484599
997,487,30,22,0.01065168,0.98680323,0.00158219,0.99726677,0.00684924,0.99263740
998,415,35,12,0.99860579,0.00129218,0.99924779,0.00053885,0.99876499,0.00105084
999,363,44,3,0.97622538,0.02297801,0.98682100,0.01159019,0.99758613,0.00185805
1000,113,25,68,0.99170238,0.00688337,0.98947549,0.00928484,0.69193321,0.04913976
1001,484,32,3,0.01036355,0.98684120,0.00248214,0.99689472,0.00515991,0.99447954
1002,515,58,11,0.99888748,0.00102693,0.99948311,0.00031555,0.99907613,0.00080999
1003,122,70,4,0.97501731,0.02336825,0.99882358,0.00093286,0.99774468,0.00182643
1004,368,44,11,0.01542022,0.98169798,0.00119127,0.99835145,0.00688355,0.99278545
1005,449,44,9,0.01127377,0.98655558,0.00141677,0.99763513,0.00327974,0.99642366
1006,2048,71,176,0.97392297,0.02514591,0.98679465,0.01246296,0.97442913,0.02463569
1007,1686,50,16,0.00879554,0.98852426,0.00148657,0.99777716,0.01028436,0.98900014
1008,568,62,44,0.01415305,0.98420691,0.00378793,0.99556351,0.06139528,0.93767136
1009,387,27,20,0.80579048,0.19230334,0.27369404,0.72454900,0.99450737,0.00459711
1010,135,32,38,0.99891746,0.00086710,0.99908161,0.00052193,0.99782711,0.00127284
1011,103,23,4,0.52605587,0.47243676,0.00950581,0.98956722,0.00502249,0.99442250
1012,370,37,2,0.00709002,0.99068236,0.00253932,0.99561799,0.00593716,0.99362069
1013,246,24,9,0.01020681,0.98761928,0.00110684,0.99772793,0.00532748,0.99415332
1014,179,33,6,0.01541559,0.98185295,0.00220265,0.99632418,0.00274689,0.99700278
1015,338,59,5,0.00727872,0.98996931,0.00109674,0.99828267,0.00517402,0.99432558
1016,111,26,39,0.99918658,0.00075977,0.99725789,0.00235305,0.99814022,0.00173976
1017,1252,39,22,0.01750830,0.98060983,0.00248759,0.99656785,0.00861627,0.99103546
1018,519,36,11,0.99749750,0.00222416,0.99770665,0.00200110,0.99902666,0.00082595
1019,2048,66,68,0.97251791,0.02669779,0.99879289,0.00091833,0.99773705,0.00206331
1020,482,61,10,0.99900848,0.00091158,0.99914837,0.00062952,0.99858922,0.00127329
1021,129,55,37,0.99479336,0.00500058,0.98960668,0.00934497,0.99622983,0.00267029
1022,384,51,46,0.99944800,0.00050820,0.99906188,0.00060639,0.99883157,0.00105911
1023,390,73,74,0.69235778,0.30562997,0.99700230,0.00239861,0.99672002,0.00313330
1024,620,38,11,0.99448919,0.00411669,0.99939275,0.00042409,0.99868208,0.00104675
1025,634,50,8,0.00724079,0.99027061,0.00262309,0.99510127,0.00567115,0.99396777
1026,316,52,4,0.00934581,0.98921621,0.00208060,0.99664873,0.00420538,0.99547112
1027,58,63,10,0.96444130,0.03519915,0.97374648,0.02480068,0.99663877,0.00255261
1028,142,51,58,0.99797934,0.00193116,0.99927276,0.00051701,0.99893755,0.00094785
1029,1440,66,329,0.98824847,0.01131950,0.99115282,0.00799188,0.99777764,0.00192048
1030,603,59,6,0.01477814,0.98367453,0.01683007,0.98085344,0.03587167,0.96329713
1031,2048,23,106,0.99057043,0.00885350,0.97193021,0.02627046,0.99835640,0.00144680
1032,362,67,15,0.97850811,0.02100285,0.98251098,0.01595863,0.81081527,0.18599267
1033,148,53,12,0.99964905,0.00030038,0.99888939,0.00080478,0.99808264,0.00149074
1034,253,43,3,0.00440537,0.99390429,0.00174101,0.99627447,0.00386452,0.99577481
1035,483,38,3,0.99831688,0.00161203,0.99883693,0.00087729,0.99801648,0.00151808
1036,381,58,10,0.03088034,0.96703357,0.00345316,0.99607629,0.00691581,0.99253535
1037,817,63,98,0.99406648,0.00570388,0.99573296,0.00335107,0.99603313,0.00341107
1038,978,63,64,0.99521303,0.00448564,0.99641871,0.00228913,0.99668616,0.00279173
1039,485,62,15,0.01088064,0.98751813,0.00240488,0.99642283,0.00430328,0.99538654
1040,570,77,9,0.98634630,0.01342460,0.99099123,0.00828532,0.99626297,0.00322328
1041,141,61,6,0.01134129,0.98623508,0.00117838,0.99794072,0.00363755,0.99595791
1042,1467,25,11,0.00592066,0.99190849,0.00191465,0.99653220,0.00572890,0.99393445
1043,647,50,2,0.00739060,0.99049473,0.00172581,0.99659216,0.00395981,0.99573660
1044,1719,30,78,0.99569750,0.00420494,0.98624867,0.01334430,0.99532592,0.00417312
1045,216,36,41,0.02989347,0.96808213,0.01645367,0.98248821,0.05109174,0.94763017
1046,534,65,16,0.99852610,0.00129835,0.99835145,0.00138602,0.99844235,0.00136238
1047,120,25,11,0.99924755,0.00067384,0.99895799,0.00077335,0.99891949,0.00090320
1048,335,39,61,0.99863547,0.00114608,0.99869651,0.00072004,0.99823415,0.00138465
1049,153,91,5,0.02872761,0.96873951,0.00132978,0.99793231,0.00911274,0.98995179
